timestamp,cpu_utility_pct,memory_in_use_pct,disk_active_time_pct,virtual_memory_pct,process_count,disk_queue_length
2026-04-13T16:46:48.011Z,28.71,79.49,0.00,0.00,319,0.00
2026-04-13T16:46:50.011Z,12.73,79.59,0.00,0.00,319,0.00
2026-04-13T16:46:52.012Z,11.43,79.55,0.00,0.00,318,0.00
2026-04-13T16:46:54.022Z,12.78,79.59,0.00,0.00,319,0.00
2026-04-13T16:46:56.028Z,18.15,79.77,0.00,0.00,319,0.00
2026-04-13T16:46:58.031Z,12.61,79.80,0.00,0.00,319,0.00
2026-04-13T16:47:00.045Z,11.79,79.80,0.00,0.00,319,0.00
2026-04-13T16:47:02.052Z,14.99,80.22,0.00,0.00,313,0.00
2026-04-13T16:47:04.062Z,18.91,79.90,0.00,0.00,312,0.00
2026-04-13T16:47:06.065Z,13.03,79.89,0.00,0.00,312,0.00
2026-04-13T16:47:08.075Z,12.77,79.75,0.00,0.00,312,0.00
2026-04-13T16:47:10.078Z,8.87,79.89,0.00,0.00,312,0.00
2026-04-13T16:47:12.078Z,11.67,79.88,0.00,0.00,312,0.00
2026-04-13T16:47:14.080Z,11.51,79.88,0.00,0.00,312,0.00
2026-04-13T16:47:16.095Z,14.74,79.95,0.00,0.00,312,0.00
2026-04-13T16:47:18.103Z,22.95,80.15,0.00,0.00,312,0.00
2026-04-13T16:47:20.118Z,11.91,79.67,0.00,0.00,312,0.00
2026-04-13T16:47:22.133Z,12.82,79.59,0.00,0.00,311,0.00
2026-04-13T16:47:24.145Z,18.67,80.01,0.00,0.00,313,0.00
2026-04-13T16:47:26.158Z,13.84,79.93,0.00,0.00,313,0.00
2026-04-13T16:47:28.159Z,10.04,79.96,0.00,0.00,312,0.00
2026-04-13T16:47:30.171Z,9.20,80.00,0.00,0.00,312,0.00
2026-04-13T16:47:32.176Z,9.06,79.99,0.00,0.00,310,0.00
2026-04-13T16:47:34.179Z,12.35,80.02,0.00,0.00,310,0.00
2026-04-13T16:47:36.186Z,9.94,80.13,0.00,0.00,310,0.00
2026-04-13T16:47:38.195Z,13.58,80.20,0.00,0.00,310,0.00
2026-04-13T16:47:40.206Z,15.74,78.04,0.00,0.00,310,0.00
2026-04-13T16:47:42.209Z,18.51,77.26,0.00,0.00,310,0.00
2026-04-13T16:47:44.215Z,16.73,76.68,0.00,0.00,310,0.00
2026-04-13T16:47:46.231Z,10.05,76.64,0.00,0.00,310,0.00
2026-04-13T16:47:48.231Z,11.16,76.54,0.00,0.00,310,0.00
2026-04-13T16:47:50.237Z,13.50,76.53,0.00,0.00,310,0.00
2026-04-13T16:47:52.238Z,12.39,76.69,0.00,0.00,310,0.00
2026-04-13T16:47:54.254Z,9.24,76.70,0.00,0.00,310,0.00
2026-04-13T16:47:56.253Z,12.04,76.77,0.00,0.00,310,0.00
2026-04-13T16:47:58.267Z,9.86,76.75,0.00,0.00,310,0.00
2026-04-13T16:48:00.275Z,11.47,76.72,0.00,0.00,310,0.00
2026-04-13T16:48:02.282Z,14.75,76.91,0.00,0.00,313,0.00
2026-04-13T16:48:04.286Z,19.11,76.88,0.00,0.00,312,0.00
2026-04-13T16:48:06.298Z,24.93,77.33,0.00,0.00,314,0.00
2026-04-13T16:48:08.299Z,19.40,77.25,0.00,0.20,314,0.00
2026-04-13T16:48:10.302Z,15.60,77.36,0.00,0.20,313,0.00
2026-04-13T16:48:12.314Z,11.25,77.42,0.00,0.20,313,0.00
2026-04-13T16:48:14.318Z,9.51,77.36,0.00,0.20,314,0.00
2026-04-13T16:48:16.324Z,16.94,77.79,0.00,0.20,314,0.00
2026-04-13T16:48:18.329Z,14.53,77.72,0.00,0.20,315,0.00
2026-04-13T16:48:20.334Z,20.32,77.70,0.00,0.20,315,0.00
2026-04-13T16:48:22.336Z,14.22,77.80,0.00,0.20,315,0.00
2026-04-13T16:48:24.350Z,11.98,77.71,0.00,0.20,315,0.00
2026-04-13T16:48:26.359Z,11.86,77.71,0.00,0.20,315,0.00
2026-04-13T16:48:28.369Z,11.94,77.63,0.00,0.20,315,0.00
2026-04-13T16:48:30.373Z,22.85,77.81,0.00,0.20,322,0.00
2026-04-13T16:48:32.372Z,28.53,77.92,0.00,0.20,316,0.00
2026-04-13T16:48:34.383Z,33.04,78.15,0.00,0.20,316,0.00
2026-04-13T16:48:36.388Z,21.88,78.33,0.00,0.20,315,0.00
2026-04-13T16:48:38.393Z,18.03,78.39,0.00,0.20,315,0.00
2026-04-13T16:48:40.406Z,19.62,78.27,0.00,0.20,315,0.00
2026-04-13T16:48:42.409Z,15.78,78.30,0.00,0.20,315,0.00
2026-04-13T16:48:44.415Z,26.54,78.48,0.00,0.20,314,0.00
2026-04-13T16:48:46.422Z,20.50,77.70,0.00,0.20,314,0.00
2026-04-13T16:48:48.430Z,20.37,77.81,0.00,0.20,314,0.00
2026-04-13T16:48:50.440Z,23.93,77.86,0.00,0.20,314,0.00
2026-04-13T16:48:52.445Z,22.23,77.90,0.00,0.20,314,0.00
2026-04-13T16:48:54.452Z,22.70,78.01,0.00,0.20,314,0.00
2026-04-13T16:48:56.458Z,24.32,77.98,0.00,0.20,314,0.00
2026-04-13T16:48:58.470Z,19.72,78.07,0.00,0.20,314,0.00
2026-04-13T16:49:00.476Z,23.62,78.08,0.00,0.20,314,0.00
2026-04-13T16:49:02.487Z,21.85,78.13,0.00,0.20,314,0.00
2026-04-13T16:49:04.502Z,19.75,78.04,0.00,0.20,313,0.00
2026-04-13T16:49:06.511Z,23.65,78.11,0.00,0.20,313,0.00
2026-04-13T16:49:08.513Z,21.41,78.15,0.00,0.20,313,0.00
2026-04-13T16:49:10.521Z,22.82,78.27,0.00,0.20,313,0.00
2026-04-13T16:49:12.536Z,24.27,78.31,0.00,0.20,313,0.00
2026-04-13T16:49:14.538Z,20.87,78.33,0.00,0.20,313,0.00
2026-04-13T16:49:16.543Z,20.74,78.44,0.00,0.20,313,0.00
2026-04-13T16:49:18.547Z,23.16,78.49,0.00,0.20,313,0.00
2026-04-13T16:49:20.557Z,22.06,78.48,0.00,0.20,313,0.00
2026-04-13T16:49:22.567Z,29.85,78.60,0.00,0.17,314,0.00
2026-04-13T16:49:24.570Z,27.81,78.78,0.00,0.17,314,0.00
2026-04-13T16:49:26.572Z,24.64,78.88,0.00,0.17,314,0.00
2026-04-13T16:49:28.580Z,36.88,79.46,0.00,0.19,314,0.00
2026-04-13T16:49:30.595Z,28.38,80.39,0.00,0.19,315,0.00
2026-04-13T16:49:32.600Z,30.10,79.76,0.00,0.19,314,0.00
2026-04-13T16:49:34.612Z,22.80,79.66,0.00,0.19,314,0.00
2026-04-13T16:49:36.618Z,43.48,79.74,0.00,0.19,314,0.00
2026-04-13T16:49:38.632Z,38.89,80.02,0.00,0.19,314,0.00
2026-04-13T16:49:40.644Z,25.64,80.33,0.00,0.19,317,0.00
2026-04-13T16:49:42.645Z,30.32,79.91,0.00,0.19,314,0.00
2026-04-13T16:49:44.658Z,20.94,80.25,0.00,0.19,315,0.00
2026-04-13T16:49:46.657Z,28.44,81.82,0.00,0.47,315,0.00
2026-04-13T16:49:48.660Z,24.27,81.49,0.00,0.47,315,0.00
2026-04-13T16:49:50.670Z,24.27,81.75,0.00,0.47,316,0.00
2026-04-13T16:49:52.673Z,30.49,82.27,0.00,0.47,316,0.00
2026-04-13T16:49:54.677Z,15.72,81.76,0.00,0.47,316,0.00
2026-04-13T16:49:56.689Z,23.96,82.19,0.00,0.47,316,0.00
2026-04-13T16:49:58.703Z,21.64,82.32,0.00,0.47,317,0.00
2026-04-13T16:50:00.715Z,18.07,82.40,0.00,0.47,317,0.00
2026-04-13T16:50:02.722Z,15.89,82.39,0.00,0.47,317,0.00
2026-04-13T16:50:04.723Z,15.42,82.36,0.00,0.47,317,0.00
2026-04-13T16:50:06.732Z,16.81,82.36,0.00,0.47,317,0.00
2026-04-13T16:50:08.731Z,16.48,82.33,0.00,0.47,317,0.00
2026-04-13T16:50:10.732Z,15.36,82.30,0.00,0.47,317,0.00
2026-04-13T16:50:12.742Z,14.96,82.26,0.00,0.47,316,0.00
2026-04-13T16:50:14.750Z,20.36,81.65,0.00,0.47,315,0.00
2026-04-13T16:50:16.758Z,16.21,81.64,0.00,0.47,315,0.00
2026-04-13T16:50:18.764Z,18.79,81.49,0.00,0.47,315,0.00
2026-04-13T16:50:20.776Z,15.34,81.51,0.00,0.47,315,0.00
2026-04-13T16:50:22.791Z,18.12,81.24,0.00,0.47,315,0.00
2026-04-13T16:50:24.805Z,15.73,81.21,0.00,0.47,315,0.00
2026-04-13T16:50:26.816Z,21.50,79.61,0.00,0.47,312,0.00
2026-04-13T16:50:28.820Z,15.95,79.43,0.00,0.47,310,0.00
2026-04-13T16:50:30.821Z,23.86,78.91,0.00,0.45,309,0.00
2026-04-13T16:50:32.825Z,23.21,78.56,0.00,0.45,309,0.00
2026-04-13T16:50:34.838Z,19.84,78.59,0.00,0.45,309,0.00
2026-04-13T16:50:36.849Z,16.75,78.67,0.00,0.45,309,0.00
2026-04-13T16:50:38.853Z,17.32,78.71,0.00,0.45,309,0.00
2026-04-13T16:50:40.858Z,24.01,78.69,0.00,0.45,309,0.00
2026-04-13T16:50:42.861Z,18.22,78.74,0.00,0.45,309,0.00
2026-04-13T16:50:44.865Z,18.80,78.66,0.00,0.45,309,0.00
2026-04-13T16:50:46.865Z,18.75,78.77,0.00,0.45,309,0.00
2026-04-13T16:50:48.879Z,21.57,78.82,0.00,0.45,309,0.00
2026-04-13T16:50:50.880Z,21.28,78.93,0.00,0.45,309,0.00
2026-04-13T16:50:52.894Z,19.92,78.90,0.00,0.45,309,0.00
2026-04-13T16:50:54.898Z,20.27,78.99,0.00,0.45,309,0.00
2026-04-13T16:50:56.909Z,23.94,78.90,0.00,0.45,309,0.00
2026-04-13T16:50:58.910Z,19.68,78.91,0.00,0.45,309,0.00
2026-04-13T16:51:00.914Z,19.00,78.90,0.00,0.45,309,0.00
2026-04-13T16:51:02.916Z,19.13,78.91,0.00,0.45,309,0.00
2026-04-13T16:51:04.921Z,17.28,78.87,0.00,0.45,309,0.00
2026-04-13T16:51:06.928Z,23.11,78.80,0.00,0.45,308,0.00
2026-04-13T16:51:08.934Z,20.36,78.77,0.00,0.45,308,0.00
2026-04-13T16:51:10.948Z,18.69,78.81,0.00,0.45,308,0.00
2026-04-13T16:51:12.957Z,18.98,78.82,0.00,0.45,308,0.00
2026-04-13T16:51:14.970Z,18.14,78.75,0.00,0.45,308,0.00
2026-04-13T16:51:16.976Z,18.46,78.75,0.00,0.45,308,0.00
2026-04-13T16:51:18.977Z,22.56,78.90,0.00,0.45,308,0.00
2026-04-13T16:51:20.993Z,22.79,78.92,0.00,0.45,308,0.00
2026-04-13T16:51:22.997Z,22.95,78.98,0.00,0.45,308,0.00
2026-04-13T16:51:25.004Z,22.30,78.87,0.00,0.45,308,0.00
2026-04-13T16:51:27.016Z,24.28,79.03,0.00,0.45,307,0.00
2026-04-13T16:51:29.018Z,22.40,79.24,0.00,0.45,307,0.00
2026-04-13T16:51:31.028Z,27.18,79.16,0.00,0.45,307,0.00
2026-04-13T16:51:33.039Z,16.74,79.24,0.00,0.45,307,0.00
2026-04-13T16:51:35.048Z,12.22,79.18,0.00,0.45,307,0.00
2026-04-13T16:51:37.059Z,12.83,79.16,0.00,0.45,307,0.00
2026-04-13T16:51:39.065Z,12.82,78.62,0.00,0.45,307,0.00
2026-04-13T16:51:41.070Z,16.86,78.68,0.00,0.45,307,0.00
2026-04-13T16:51:43.077Z,13.23,78.68,0.00,0.45,307,0.00
2026-04-13T16:51:45.091Z,16.58,78.63,0.00,0.45,307,0.00
2026-04-13T16:51:47.100Z,18.73,78.63,0.00,0.45,307,0.00
2026-04-13T16:51:49.111Z,18.38,78.64,0.00,0.45,307,0.00
2026-04-13T16:51:51.123Z,14.19,78.53,0.00,0.45,307,0.00
2026-04-13T16:51:53.124Z,18.88,78.81,0.00,0.45,308,0.00
2026-04-13T16:51:55.137Z,19.79,78.95,0.00,0.45,308,0.00
2026-04-13T16:51:57.150Z,19.52,79.16,0.00,0.45,308,0.00
2026-04-13T16:51:59.155Z,19.42,79.20,0.00,0.45,308,0.00
2026-04-13T16:52:01.162Z,16.22,79.26,0.00,0.45,308,0.00
2026-04-13T16:52:03.165Z,20.15,79.17,0.00,0.45,308,0.00
2026-04-13T16:52:05.169Z,17.16,79.14,0.00,0.45,308,0.00
2026-04-13T16:52:07.171Z,16.71,79.12,0.00,0.45,308,0.00
2026-04-13T16:52:09.181Z,16.17,79.18,0.00,0.45,308,0.00
2026-04-13T16:52:11.186Z,17.53,79.13,0.00,0.45,308,0.00
2026-04-13T16:52:13.187Z,13.22,79.19,0.00,0.45,308,0.00
2026-04-13T16:52:15.200Z,13.55,79.15,0.00,0.45,308,0.00
2026-04-13T16:52:17.203Z,12.19,79.05,0.00,0.45,308,0.00
2026-04-13T16:52:19.202Z,11.69,79.09,0.00,0.45,308,0.00
2026-04-13T16:52:21.206Z,12.77,79.00,0.00,0.45,307,0.00
2026-04-13T16:52:23.210Z,12.43,79.03,0.00,0.45,307,0.00
2026-04-13T16:52:25.223Z,13.75,79.00,0.00,0.45,307,0.00
2026-04-13T16:52:27.236Z,12.63,79.04,0.00,0.45,307,0.00
2026-04-13T16:52:29.243Z,13.50,79.06,0.00,0.45,311,0.00
2026-04-13T16:52:31.252Z,13.87,79.11,0.00,0.45,311,0.00
2026-04-13T16:52:33.259Z,12.01,79.16,0.00,0.45,311,0.00
2026-04-13T16:52:35.259Z,13.83,79.21,0.00,0.45,311,0.00
2026-04-13T16:52:37.265Z,14.12,79.20,0.00,0.45,311,0.00
2026-04-13T16:52:39.269Z,21.96,79.33,0.00,0.45,311,0.00
2026-04-13T16:52:41.278Z,24.66,79.21,0.00,0.45,311,0.00
2026-04-13T16:52:43.288Z,22.90,79.38,0.00,0.45,312,0.00
2026-04-13T16:52:45.291Z,28.30,79.51,0.00,0.45,312,0.00
2026-04-13T16:52:47.301Z,17.53,79.50,0.00,0.45,312,0.00
2026-04-13T16:52:49.313Z,17.71,79.42,0.00,0.45,312,0.00
2026-04-13T16:52:51.316Z,14.47,79.46,0.00,0.45,312,0.00
2026-04-13T16:52:53.333Z,16.51,79.42,0.00,0.45,312,0.00
2026-04-13T16:52:55.335Z,15.70,79.35,0.00,0.45,312,0.00
2026-04-13T16:52:57.347Z,14.39,79.38,0.00,0.45,312,0.00
2026-04-13T16:52:59.353Z,20.10,79.45,0.00,0.45,316,0.00
2026-04-13T16:53:01.364Z,24.41,79.84,0.00,0.45,314,0.00
2026-04-13T16:53:03.375Z,20.43,80.12,0.00,0.41,318,0.00
2026-04-13T16:53:05.380Z,15.30,80.30,0.00,0.41,317,0.00
2026-04-13T16:53:07.386Z,13.55,80.28,0.00,0.41,317,0.00
2026-04-13T16:53:09.391Z,14.82,80.24,0.00,0.41,317,0.00
2026-04-13T16:53:11.392Z,19.11,80.44,0.00,0.41,320,0.00
2026-04-13T16:53:13.399Z,20.44,80.47,0.00,0.41,322,0.00
2026-04-13T16:53:15.414Z,12.51,80.43,0.00,0.41,322,0.00
2026-04-13T16:53:17.434Z,21.40,80.50,0.00,0.41,321,0.00
2026-04-13T16:53:19.445Z,16.98,80.48,0.00,0.41,319,0.00
2026-04-13T16:53:21.456Z,16.02,80.26,0.00,0.41,319,0.00
2026-04-13T16:53:23.457Z,18.21,81.04,0.00,0.41,322,0.00
2026-04-13T16:53:25.462Z,24.75,83.77,0.00,0.41,322,0.00
2026-04-13T16:53:27.471Z,26.24,83.72,0.00,0.41,323,0.00
2026-04-13T16:53:29.474Z,39.05,82.03,0.00,0.41,316,0.00
2026-04-13T16:53:31.486Z,40.13,79.38,0.00,0.55,316,0.00
2026-04-13T16:53:33.499Z,33.40,79.06,0.00,0.55,318,0.00
2026-04-13T16:53:35.509Z,39.92,79.11,0.00,0.55,316,0.00
2026-04-13T16:53:37.520Z,25.13,79.21,0.00,0.55,316,0.00
2026-04-13T16:53:39.528Z,26.67,79.31,0.00,0.55,316,0.00
2026-04-13T16:53:41.533Z,21.99,79.31,0.00,0.55,316,0.00
2026-04-13T16:53:43.538Z,25.45,79.22,0.00,0.55,316,0.00
2026-04-13T16:53:45.540Z,27.09,79.29,0.00,0.55,316,0.00
2026-04-13T16:53:47.545Z,20.80,79.42,0.00,0.55,316,0.00
2026-04-13T16:53:49.552Z,15.96,79.38,0.00,0.55,316,0.00
2026-04-13T16:53:51.561Z,21.01,79.38,0.00,0.55,316,0.00
2026-04-13T16:53:53.569Z,16.70,79.27,0.00,0.55,316,0.00
2026-04-13T16:53:55.578Z,17.70,79.46,0.00,0.55,317,0.00
2026-04-13T16:53:57.583Z,12.81,79.46,0.00,0.55,316,0.00
2026-04-13T16:53:59.590Z,21.68,79.34,0.00,0.55,316,0.00
2026-04-13T16:54:01.598Z,16.91,79.24,0.00,0.55,315,0.00
2026-04-13T16:54:03.599Z,18.76,79.37,0.00,0.53,315,0.00
2026-04-13T16:54:05.611Z,16.79,79.21,0.00,0.53,315,0.00
2026-04-13T16:54:07.629Z,11.72,79.22,0.00,0.53,315,0.00
2026-04-13T16:54:09.633Z,17.94,79.67,0.00,0.53,315,0.00
2026-04-13T16:54:11.643Z,15.65,79.34,0.00,0.53,314,0.00
2026-04-13T16:54:13.648Z,12.08,79.26,0.00,0.53,314,0.00
2026-04-13T16:54:15.659Z,19.01,79.31,0.00,0.53,314,0.00
2026-04-13T16:54:17.666Z,14.04,79.31,0.00,0.53,314,0.00
2026-04-13T16:54:19.672Z,14.97,79.37,0.00,0.53,314,0.00
2026-04-13T16:54:21.688Z,11.61,79.39,0.00,0.53,314,0.00
2026-04-13T16:54:23.711Z,9.25,79.41,0.00,0.53,314,0.00
2026-04-13T16:54:25.718Z,11.64,79.35,0.00,0.53,314,0.00
2026-04-13T16:54:27.728Z,22.23,79.75,0.00,0.53,316,0.00
2026-04-13T16:54:29.728Z,17.37,79.74,0.00,0.53,316,0.00
2026-04-13T16:54:31.735Z,16.64,79.66,0.00,0.53,317,0.00
2026-04-13T16:54:33.735Z,27.07,79.80,0.00,0.53,318,0.00
2026-04-13T16:54:35.741Z,15.23,79.68,0.00,0.53,318,0.00
2026-04-13T16:54:37.745Z,10.46,79.71,0.00,0.53,318,0.00
2026-04-13T16:54:39.746Z,11.97,79.68,0.00,0.53,318,0.00
2026-04-13T16:54:41.756Z,18.20,79.92,0.00,0.53,322,0.00
2026-04-13T16:54:43.761Z,30.24,80.83,0.00,0.53,323,0.00
2026-04-13T16:54:45.763Z,19.69,80.63,0.00,0.53,323,0.00
2026-04-13T16:54:47.767Z,20.66,81.45,0.00,0.53,325,0.00
2026-04-13T16:54:49.772Z,26.70,82.03,0.00,0.53,326,0.00
2026-04-13T16:54:51.785Z,38.82,81.77,0.00,0.53,331,0.00
2026-04-13T16:54:53.797Z,53.10,81.39,0.00,0.53,324,0.00
2026-04-13T16:54:55.812Z,28.33,81.42,0.00,0.53,324,0.00
2026-04-13T16:54:57.822Z,20.24,81.44,0.00,0.53,324,0.00
2026-04-13T16:54:59.822Z,17.42,81.48,0.00,0.53,324,0.00
2026-04-13T16:55:01.837Z,24.63,81.44,0.00,0.53,324,0.00
2026-04-13T16:55:03.837Z,25.40,81.65,0.00,0.53,327,0.00
2026-04-13T16:55:05.838Z,19.08,81.49,0.00,0.53,327,0.00
2026-04-13T16:55:07.842Z,20.24,81.51,0.00,0.53,327,0.00
2026-04-13T16:55:09.856Z,20.42,81.44,0.00,0.53,327,0.00
2026-04-13T16:55:11.860Z,23.63,81.48,0.00,0.53,327,0.00
2026-04-13T16:55:13.863Z,19.55,81.42,0.00,0.53,326,0.00
2026-04-13T16:55:15.874Z,20.56,81.36,0.00,0.53,325,0.00
2026-04-13T16:55:17.879Z,20.86,81.36,0.00,0.53,325,0.00
2026-04-13T16:55:19.886Z,20.49,81.35,0.00,0.53,325,0.00
2026-04-13T16:55:21.886Z,22.76,81.33,0.00,0.53,325,0.00
2026-04-13T16:55:23.890Z,17.68,81.34,0.00,0.53,325,0.00
2026-04-13T16:55:25.895Z,18.09,81.22,0.00,0.53,325,0.00
2026-04-13T16:55:27.901Z,12.56,81.27,0.00,0.53,325,0.00
2026-04-13T16:55:29.903Z,16.37,81.27,0.00,0.53,325,0.00
2026-04-13T16:55:31.908Z,14.42,81.21,0.00,0.53,325,0.00
2026-04-13T16:55:33.914Z,15.01,81.02,0.00,0.53,323,0.00
2026-04-13T16:55:35.919Z,15.62,81.07,0.00,0.53,323,0.00
2026-04-13T16:55:37.932Z,15.49,81.16,0.00,0.53,325,0.00
2026-04-13T16:55:39.938Z,36.17,81.85,0.00,0.53,325,0.00
2026-04-13T16:55:41.951Z,29.94,81.99,0.00,0.53,325,0.00
2026-04-13T16:55:43.956Z,21.72,81.95,0.00,0.53,325,0.00
2026-04-13T16:55:45.958Z,15.30,81.83,0.00,0.53,324,0.00
2026-04-13T16:55:47.974Z,18.88,81.58,0.00,0.53,324,0.00
2026-04-13T16:55:49.989Z,18.35,81.56,0.00,0.53,327,0.00
2026-04-13T16:55:51.992Z,30.18,82.23,0.00,0.53,325,0.00
2026-04-13T16:55:53.992Z,35.38,82.98,0.00,0.53,325,0.00
2026-04-13T16:55:56.007Z,17.95,82.86,0.00,0.53,325,0.00
2026-04-13T16:55:58.010Z,15.21,82.92,0.00,0.53,325,0.00
2026-04-13T16:56:00.025Z,22.27,83.09,0.00,0.53,325,0.00
2026-04-13T16:56:02.036Z,25.28,83.16,0.00,0.53,325,0.00
2026-04-13T16:56:04.046Z,16.25,83.09,0.00,0.53,323,0.00
2026-04-13T16:56:06.046Z,17.09,83.02,0.00,0.53,323,0.00
2026-04-13T16:56:08.050Z,14.35,82.92,0.00,0.53,323,0.00
2026-04-13T16:56:10.051Z,13.44,82.95,0.00,0.53,323,0.00
2026-04-13T16:56:12.054Z,16.16,82.46,0.00,0.53,323,0.00
2026-04-13T16:56:14.062Z,22.64,82.57,0.00,0.53,322,0.00
2026-04-13T16:56:16.072Z,17.76,82.53,0.00,0.53,322,0.00
2026-04-13T16:56:18.085Z,23.42,82.48,0.00,0.53,322,0.00
2026-04-13T16:56:20.096Z,19.27,82.59,0.00,0.53,322,0.00
2026-04-13T16:56:22.102Z,17.33,82.60,0.00,0.53,321,0.00
2026-04-13T16:56:24.113Z,13.87,82.61,0.00,0.53,321,0.00
2026-04-13T16:56:26.114Z,15.57,82.62,0.00,0.53,321,0.00
2026-04-13T16:56:28.121Z,20.35,82.74,0.00,0.53,321,0.00
2026-04-13T16:56:30.127Z,30.47,82.84,0.00,0.53,321,0.00
2026-04-13T16:56:32.131Z,20.13,82.61,0.00,0.59,321,0.00
2026-04-13T16:56:34.136Z,15.15,82.61,0.00,0.59,320,0.00
2026-04-13T16:56:36.137Z,18.69,82.45,0.00,0.59,320,0.00
2026-04-13T16:56:38.137Z,15.93,82.16,0.00,0.59,320,0.00
2026-04-13T16:56:40.140Z,16.05,82.21,0.00,0.59,320,0.00
2026-04-13T16:56:42.150Z,10.97,82.21,0.00,0.59,320,0.00
2026-04-13T16:56:44.156Z,16.65,82.11,0.00,0.59,320,0.00
2026-04-13T16:56:46.158Z,11.62,81.74,0.00,0.59,320,0.00
2026-04-13T16:56:48.173Z,13.52,81.73,0.00,0.59,320,0.00
2026-04-13T16:56:50.187Z,15.22,81.76,0.00,0.59,320,0.00
2026-04-13T16:56:52.202Z,17.19,81.75,0.00,0.59,320,0.00
2026-04-13T16:56:54.209Z,19.19,81.74,0.00,0.59,320,0.00
2026-04-13T16:56:56.210Z,14.26,81.72,0.00,0.59,320,0.00
2026-04-13T16:56:58.212Z,15.76,81.74,0.00,0.59,320,0.00
2026-04-13T16:57:00.225Z,16.96,81.79,0.00,0.59,319,0.00
2026-04-13T16:57:02.233Z,23.83,81.71,0.00,0.59,319,0.00
2026-04-13T16:57:04.236Z,17.42,81.77,0.00,0.59,319,0.00
2026-04-13T16:57:06.247Z,17.78,81.59,0.00,0.59,319,0.00
2026-04-13T16:57:08.253Z,18.72,81.40,0.00,0.59,319,0.00
2026-04-13T16:57:10.258Z,28.28,82.03,0.00,0.59,319,0.00
2026-04-13T16:57:12.265Z,34.42,82.30,0.00,0.59,319,0.00
2026-04-13T16:57:14.272Z,24.18,82.43,0.00,0.59,319,0.00
2026-04-13T16:57:16.275Z,24.96,82.61,0.00,0.59,319,0.00
2026-04-13T16:57:18.288Z,22.56,82.66,0.00,0.59,319,0.00
2026-04-13T16:57:20.295Z,22.86,82.70,0.00,0.59,321,0.00
2026-04-13T16:57:22.301Z,21.41,82.80,0.00,0.59,322,0.00
2026-04-13T16:57:24.307Z,20.04,82.85,0.00,0.59,322,0.00
2026-04-13T16:57:26.317Z,19.89,82.86,0.00,0.59,322,0.00
2026-04-13T16:57:28.322Z,16.67,82.90,0.00,0.59,322,0.00
2026-04-13T16:57:30.328Z,13.66,82.91,0.00,0.59,322,0.00
2026-04-13T16:57:32.340Z,11.41,82.88,0.00,0.59,322,0.00
2026-04-13T16:57:34.349Z,22.44,82.96,0.00,0.59,322,0.00
2026-04-13T16:57:36.360Z,20.36,83.02,0.00,0.59,322,0.00
2026-04-13T16:57:38.361Z,21.07,82.93,0.00,0.59,322,0.00
2026-04-13T16:57:40.363Z,16.31,83.02,0.00,0.59,322,0.00
2026-04-13T16:57:42.366Z,19.22,83.04,0.00,0.59,322,0.00
2026-04-13T16:57:44.366Z,17.67,82.99,0.00,0.59,322,0.00
2026-04-13T16:57:46.371Z,23.20,82.99,0.00,0.59,322,0.00
2026-04-13T16:57:48.381Z,15.73,82.94,0.00,0.59,322,0.00
2026-04-13T16:57:50.388Z,20.97,83.18,0.00,0.59,322,0.00
2026-04-13T16:57:52.391Z,18.34,83.21,0.00,0.59,322,0.00
2026-04-13T16:57:54.398Z,16.95,83.32,0.00,0.59,322,0.00
2026-04-13T16:57:56.410Z,15.99,83.35,0.00,0.59,322,0.00
2026-04-13T16:57:58.417Z,19.62,83.43,0.00,0.59,322,0.00
2026-04-13T16:58:00.421Z,19.96,83.43,0.00,0.59,322,0.00
2026-04-13T16:58:02.429Z,20.99,83.63,0.00,0.59,325,0.00
2026-04-13T16:58:04.438Z,38.13,84.10,0.00,0.59,323,0.00
2026-04-13T16:58:06.446Z,20.43,83.96,0.00,0.59,322,0.00
2026-04-13T16:58:08.446Z,25.64,83.86,0.00,0.59,322,0.00
2026-04-13T16:58:10.447Z,25.01,83.69,0.00,0.59,323,0.00
2026-04-13T16:58:12.449Z,27.35,84.26,0.00,0.59,323,0.00
2026-04-13T16:58:14.461Z,26.02,84.30,0.00,0.59,324,0.00
2026-04-13T16:58:16.470Z,24.16,84.33,0.00,0.59,324,0.00
2026-04-13T16:58:18.479Z,18.27,84.32,0.00,0.59,324,0.00
2026-04-13T16:58:20.490Z,22.25,84.41,0.00,0.59,324,0.00
2026-04-13T16:58:22.504Z,24.69,84.65,0.00,0.59,326,0.00
2026-04-13T16:58:24.505Z,20.35,84.76,0.00,0.59,326,0.00
2026-04-13T16:58:26.518Z,15.30,84.74,0.00,0.59,327,0.00
2026-04-13T16:58:28.526Z,35.53,84.94,0.00,0.59,325,0.00
2026-04-13T16:58:30.542Z,45.43,86.12,0.00,0.59,325,0.00
2026-04-13T16:58:32.551Z,32.08,86.51,0.00,0.59,326,0.00
2026-04-13T16:58:34.563Z,39.70,87.84,0.00,0.59,326,0.00
2026-04-13T16:58:36.576Z,28.80,89.61,0.00,0.59,326,0.00
2026-04-13T16:58:38.578Z,24.11,89.60,0.00,0.59,326,0.00
2026-04-13T16:58:40.588Z,17.14,88.77,0.00,0.59,326,0.00
2026-04-13T16:58:42.597Z,16.60,87.72,0.00,0.59,326,0.00
2026-04-13T16:58:44.611Z,19.74,87.79,0.00,0.59,326,0.00
2026-04-13T16:58:46.613Z,18.40,87.59,0.00,0.59,326,0.00
2026-04-13T16:58:48.621Z,20.09,87.59,0.00,0.59,326,0.00
2026-04-13T16:58:50.636Z,14.20,87.63,0.00,0.59,326,0.00
2026-04-13T16:58:52.650Z,16.74,87.61,0.00,0.59,326,0.00
2026-04-13T16:58:54.660Z,14.00,87.60,0.00,0.59,328,0.00
2026-04-13T16:58:56.665Z,26.24,87.77,0.00,0.59,328,0.00
2026-04-13T16:58:58.667Z,26.00,87.72,0.00,0.59,327,0.00
2026-04-13T16:59:00.673Z,20.28,87.62,0.00,0.59,327,0.00
2026-04-13T16:59:02.679Z,18.63,87.42,0.00,0.59,323,0.00
2026-04-13T16:59:04.685Z,15.46,87.28,0.00,0.59,322,0.00
2026-04-13T16:59:06.688Z,30.12,82.60,0.00,0.64,322,0.00
2026-04-13T16:59:08.690Z,25.00,81.54,0.00,0.64,322,0.00
2026-04-14T15:48:49.865Z,11.21,82.08,0.00,8.06,318,0.00
2026-04-14T15:48:51.865Z,9.68,81.81,0.00,8.06,318,0.00
2026-04-14T15:48:53.878Z,13.07,81.95,0.00,8.06,318,0.00
2026-04-14T15:48:55.891Z,12.95,82.04,0.00,8.06,318,0.00
2026-04-14T15:48:57.897Z,11.45,81.90,0.00,8.06,318,0.00
2026-04-14T15:48:59.906Z,12.68,81.94,0.00,8.06,318,0.00
2026-04-14T15:49:01.917Z,25.48,82.19,0.00,8.06,318,0.00
2026-04-14T15:49:03.920Z,18.14,82.26,0.00,8.06,320,0.00
2026-04-14T15:49:05.932Z,16.37,82.72,0.00,8.06,320,0.00
2026-04-14T15:49:07.947Z,9.26,82.81,0.00,8.06,320,0.00
2026-04-14T15:49:09.961Z,9.81,82.88,0.00,8.06,320,0.00
2026-04-14T15:49:11.962Z,13.46,82.69,0.00,8.06,321,0.00
2026-04-14T15:49:13.967Z,20.42,83.15,0.00,8.06,323,0.00
2026-04-14T15:49:15.971Z,13.25,83.31,0.00,8.06,323,0.00
2026-04-14T15:49:17.982Z,14.31,83.33,0.00,8.06,323,0.00
2026-04-14T15:49:19.983Z,11.26,83.36,0.00,8.06,323,0.00
2026-04-14T15:49:21.993Z,13.50,83.24,0.00,8.06,323,0.00
2026-04-14T15:49:24.004Z,11.64,83.22,0.00,8.06,323,0.00
2026-04-14T15:49:26.012Z,16.20,83.30,0.00,8.06,323,0.00
2026-04-14T15:49:28.026Z,12.34,83.28,0.00,8.06,323,0.00
2026-04-14T15:49:30.039Z,13.87,83.34,0.00,8.06,323,0.00
2026-04-14T15:49:32.040Z,14.77,83.42,0.00,8.06,323,0.00
2026-04-14T15:49:34.055Z,9.57,83.36,0.00,8.06,323,0.00
2026-04-14T15:49:36.070Z,13.81,83.16,0.00,8.06,323,0.00
2026-04-14T15:49:38.085Z,12.13,83.18,0.00,8.06,323,0.00
2026-04-14T15:49:40.094Z,11.89,83.18,0.00,8.06,323,0.00
2026-04-14T15:49:42.109Z,11.75,83.28,0.00,8.06,323,0.00
2026-04-14T15:49:44.118Z,15.78,84.00,0.00,8.06,328,0.00
2026-04-14T15:49:46.132Z,32.88,83.38,0.00,8.06,325,0.00
2026-04-14T15:49:48.136Z,23.87,83.59,0.00,8.06,325,0.00
2026-04-14T15:49:50.150Z,21.98,83.62,0.00,8.06,325,0.00
2026-04-14T15:49:52.166Z,20.21,83.74,0.00,8.06,325,0.00
2026-04-14T15:49:54.166Z,30.39,83.80,0.00,8.06,325,0.00
2026-04-14T15:49:56.176Z,31.10,83.93,0.00,8.06,325,0.00
2026-04-14T15:49:58.187Z,23.39,84.09,0.00,8.06,325,0.00
2026-04-14T15:50:00.188Z,27.29,84.49,0.00,8.06,325,0.00
2026-04-14T15:50:02.194Z,41.59,84.71,0.00,8.06,325,0.00
2026-04-14T15:50:04.209Z,29.94,84.63,0.00,8.06,325,0.00
2026-04-14T15:50:06.221Z,31.06,84.11,0.00,8.06,325,0.00
2026-04-14T15:50:08.231Z,21.93,84.17,0.00,8.06,325,0.00
2026-04-14T15:50:10.231Z,17.75,84.14,0.00,8.06,325,0.00
2026-04-14T15:50:12.242Z,15.06,84.23,0.00,8.06,325,0.00
2026-04-14T15:50:14.246Z,18.02,84.30,0.00,8.06,325,0.00
2026-04-14T15:50:16.259Z,24.90,84.64,0.00,8.06,326,0.00
2026-04-14T15:50:18.264Z,26.35,85.25,0.00,8.06,326,0.00
2026-04-14T15:50:20.269Z,25.39,85.33,0.00,8.06,325,0.00
2026-04-14T15:50:22.271Z,25.08,85.06,0.00,8.06,327,0.00
2026-04-14T15:50:24.278Z,19.27,85.24,0.00,8.06,327,0.00
2026-04-14T15:50:26.284Z,19.53,85.38,0.00,8.06,327,0.00
2026-04-14T15:50:28.293Z,24.87,85.51,0.00,8.06,327,0.00
2026-04-14T15:50:30.305Z,20.10,85.60,0.00,8.06,327,0.00
2026-04-14T15:50:32.317Z,23.90,86.14,0.00,8.06,326,0.00
2026-04-14T15:50:34.329Z,30.26,86.24,0.00,8.06,326,0.00
2026-04-14T15:50:36.335Z,38.86,86.55,0.00,8.06,326,0.00
2026-04-14T15:50:38.346Z,20.94,86.49,0.00,8.06,326,0.00
2026-04-14T15:50:40.351Z,21.71,86.47,0.00,8.06,326,0.00
2026-04-14T15:50:42.367Z,20.50,86.51,0.00,8.06,326,0.00
2026-04-14T15:50:44.375Z,28.02,86.64,0.00,8.06,326,0.00
2026-04-14T15:50:46.383Z,29.11,86.72,0.00,8.06,326,0.00
2026-04-14T15:50:48.384Z,25.64,86.84,0.00,8.06,327,0.00
2026-04-14T15:50:50.385Z,33.49,87.36,0.00,8.06,329,0.00
2026-04-14T15:50:52.385Z,38.24,85.59,0.00,8.06,329,0.00
2026-04-14T15:50:54.392Z,25.49,85.93,0.00,8.06,329,0.00
2026-04-14T15:50:56.397Z,33.59,86.16,0.00,8.06,329,0.00
2026-04-14T15:50:58.397Z,27.47,86.24,0.00,8.06,329,0.00
2026-04-14T15:51:00.400Z,26.43,86.33,0.00,8.06,329,0.00
2026-04-14T15:51:02.405Z,40.85,86.55,0.00,8.06,329,0.00
2026-04-14T15:51:04.409Z,17.66,86.59,0.00,8.06,329,0.00
2026-04-14T15:51:06.420Z,10.87,86.53,0.00,8.06,329,0.00
2026-04-14T15:51:08.430Z,17.10,86.30,0.00,8.06,329,0.00
2026-04-14T15:51:10.441Z,17.37,86.52,0.00,8.06,329,0.00
2026-04-14T15:51:12.446Z,16.86,85.97,0.00,8.06,329,0.00
2026-04-14T15:51:14.449Z,14.24,85.33,0.00,8.06,326,0.00
2026-04-14T16:04:05.182Z,11.32,83.19,0.00,19.89,332,0.00
2026-04-14T16:04:07.183Z,29.75,83.27,0.00,19.89,332,0.00
2026-04-14T16:04:09.191Z,14.61,83.23,0.00,19.89,332,0.00
2026-04-14T16:04:11.193Z,13.28,83.24,0.00,19.89,332,0.00
2026-04-14T16:04:13.197Z,16.74,83.18,0.00,19.89,332,0.00
2026-04-14T16:04:15.204Z,18.57,83.30,0.00,19.89,332,0.00
2026-04-14T16:04:17.217Z,18.80,83.34,0.00,19.89,332,0.00
2026-04-14T16:04:19.224Z,16.12,83.37,0.00,19.89,332,0.00
2026-04-14T16:04:21.240Z,17.72,83.65,0.00,19.89,332,0.00
2026-04-14T16:04:23.252Z,15.91,83.92,0.00,19.89,332,0.00
2026-04-14T16:04:25.267Z,18.57,84.11,0.00,19.89,332,0.00
2026-04-14T16:04:27.278Z,16.92,83.94,0.00,19.89,332,0.00
2026-04-14T16:04:29.287Z,13.09,84.23,0.00,19.89,332,0.00
2026-04-14T16:04:31.296Z,16.81,84.34,0.00,19.89,332,0.00
2026-04-14T16:04:33.309Z,14.78,84.43,0.00,19.89,332,0.00
2026-04-14T16:04:35.309Z,15.63,84.46,0.00,19.89,332,0.00
2026-04-14T16:04:37.314Z,18.63,84.51,0.00,19.89,332,0.00
2026-04-14T16:04:39.327Z,18.74,84.56,0.00,19.89,332,0.00
2026-04-14T16:04:41.335Z,15.04,84.43,0.00,19.89,330,0.00
2026-04-14T16:04:43.342Z,15.22,84.36,0.00,19.89,330,0.00
2026-04-14T16:04:45.348Z,17.87,84.20,0.00,19.89,330,0.00
2026-04-14T16:04:47.356Z,25.61,84.49,0.00,19.89,330,0.00
2026-04-14T16:04:49.356Z,21.82,84.78,0.00,19.89,332,0.00
2026-04-14T16:04:51.365Z,18.25,83.27,0.00,19.89,332,0.00
2026-04-14T16:04:53.376Z,12.34,83.33,0.00,19.89,332,0.00
2026-04-14T16:04:55.391Z,17.18,83.38,0.00,19.89,335,0.00
2026-04-14T16:04:57.395Z,26.41,83.98,0.00,19.89,335,0.00
2026-04-14T16:04:59.396Z,36.43,85.81,0.00,19.89,338,0.00
2026-04-14T16:05:01.397Z,51.60,85.97,0.00,19.89,342,0.00
2026-04-14T16:05:03.398Z,51.77,86.04,0.00,19.89,338,0.00
2026-04-14T16:05:05.399Z,33.82,86.31,0.00,19.89,338,0.00
2026-04-14T16:05:07.413Z,27.23,85.47,0.00,19.89,338,0.00
2026-04-14T16:05:09.428Z,24.71,85.58,0.00,19.89,338,0.00
2026-04-14T16:05:11.443Z,31.71,85.62,0.00,19.89,338,0.00
2026-04-14T16:05:13.457Z,30.65,85.49,0.00,19.89,338,0.00
2026-04-14T16:05:15.460Z,24.59,85.64,0.00,19.89,339,0.00
2026-04-14T16:05:17.471Z,42.54,86.15,0.00,19.89,339,0.00
2026-04-14T16:05:19.485Z,46.56,86.28,0.00,19.89,339,0.00
2026-04-14T16:05:21.497Z,40.34,86.38,0.00,19.89,339,0.00
2026-04-14T16:05:23.504Z,36.55,86.46,0.00,19.89,339,0.00
2026-04-14T16:05:25.511Z,32.57,86.58,0.00,19.89,339,0.00
2026-04-14T16:05:27.518Z,29.21,86.62,0.00,19.89,339,0.00
2026-04-14T16:05:29.529Z,36.39,86.62,0.00,19.89,338,0.00
2026-04-14T16:05:31.544Z,29.78,86.72,0.00,19.89,338,0.00
2026-04-14T16:05:33.549Z,26.88,86.78,0.00,19.89,338,0.00
2026-04-14T16:05:35.555Z,29.66,86.94,0.00,19.89,338,0.00
2026-04-14T16:05:37.565Z,30.37,87.03,0.00,19.89,337,0.00
2026-04-14T16:05:39.571Z,31.94,86.93,0.00,19.89,337,0.00
2026-04-14T16:05:41.584Z,28.31,87.06,0.00,19.89,337,0.00
2026-04-14T16:05:43.597Z,33.12,87.25,0.00,19.89,337,0.00
2026-04-14T16:05:45.603Z,33.80,87.28,0.00,19.89,337,0.00
2026-04-14T16:05:47.617Z,27.50,87.29,0.00,19.89,337,0.00
2026-04-14T16:05:49.624Z,30.83,87.55,0.00,19.89,337,0.00
2026-04-14T16:05:51.635Z,34.94,87.66,0.00,19.89,337,0.00
2026-04-14T16:05:53.637Z,33.14,87.81,0.00,19.86,337,0.00
2026-04-14T16:05:55.648Z,29.32,86.69,0.00,19.86,337,0.00
2026-04-14T16:05:57.662Z,27.80,86.60,0.00,19.86,337,0.00
2026-04-14T16:05:59.674Z,24.05,86.69,0.00,19.86,337,0.00
2026-04-14T16:06:01.690Z,26.94,87.23,0.00,19.86,337,0.00
2026-04-14T16:06:03.695Z,44.02,86.92,0.00,19.86,337,0.00
2026-04-14T16:06:05.695Z,36.57,87.03,0.00,19.86,337,0.00
2026-04-14T16:06:07.700Z,27.68,87.12,0.00,19.86,337,0.00
2026-04-14T16:06:09.702Z,31.06,87.10,0.00,19.86,336,0.00
2026-04-14T16:06:11.717Z,24.23,87.21,0.00,19.86,336,0.00
2026-04-14T16:06:13.729Z,23.86,87.33,0.00,19.86,336,0.00
2026-04-14T16:06:15.738Z,26.65,87.42,0.00,19.86,336,0.00
2026-04-14T16:06:17.746Z,27.72,87.49,0.00,19.86,336,0.00
2026-04-14T16:06:19.747Z,26.01,87.52,0.00,19.86,336,0.00
2026-04-14T16:06:21.758Z,27.65,87.60,0.00,19.86,336,0.00
2026-04-14T16:06:23.758Z,26.91,87.77,0.00,19.86,336,0.00
2026-04-14T16:06:25.761Z,26.24,87.80,0.00,19.86,336,0.00
2026-04-14T16:06:27.775Z,33.61,88.06,0.00,19.86,340,0.00
2026-04-14T16:06:29.789Z,35.76,88.12,0.00,19.86,336,0.00
2026-04-14T16:06:31.803Z,32.53,88.32,0.00,19.86,337,0.00
2026-04-14T16:06:33.802Z,22.69,89.11,0.00,19.86,337,0.00
2026-04-14T16:06:35.803Z,26.16,89.40,0.00,20.22,341,0.00
2026-04-14T16:06:37.806Z,52.09,86.39,0.00,26.23,337,0.00
2026-04-14T16:06:39.820Z,45.58,86.49,0.00,26.23,341,0.00
2026-04-14T16:06:41.827Z,53.71,86.45,0.00,26.23,341,0.00
2026-04-14T16:06:43.837Z,46.83,86.65,0.00,22.59,337,0.00
2026-04-14T16:06:45.845Z,47.16,87.45,0.00,22.59,337,0.00
2026-04-14T16:06:47.851Z,48.59,86.18,0.00,22.59,336,0.00
2026-04-14T16:06:49.858Z,35.78,86.97,0.00,22.43,336,0.00
2026-04-14T16:06:51.872Z,23.07,86.96,0.00,22.41,336,0.00
2026-04-14T16:06:53.876Z,24.32,86.52,0.00,22.41,336,0.00
2026-04-14T16:06:55.891Z,21.36,86.66,0.00,22.41,336,0.00
2026-04-14T16:06:57.894Z,25.62,86.73,0.00,22.41,336,0.00
2026-04-14T16:06:59.905Z,22.87,86.91,0.00,22.41,335,0.00
2026-04-14T16:07:01.905Z,21.48,84.06,0.00,22.41,335,0.00
2026-04-14T16:07:03.910Z,24.50,84.17,0.00,22.41,336,0.00
2026-04-14T16:07:05.924Z,26.21,82.99,0.00,22.40,336,0.00
2026-04-14T16:07:07.928Z,18.92,83.01,0.00,22.40,336,0.00
2026-04-14T16:07:09.938Z,18.88,83.02,0.00,22.40,335,0.00
2026-04-14T16:07:11.942Z,19.31,82.86,0.00,22.40,336,0.00
2026-04-14T16:07:13.948Z,19.87,82.88,0.00,22.40,336,0.00
2026-04-14T16:07:15.961Z,21.77,82.98,0.00,22.40,336,0.00
2026-04-14T16:07:17.967Z,19.66,82.91,0.00,22.40,335,0.00
2026-04-14T16:07:19.979Z,20.34,83.04,0.00,22.40,335,0.00
2026-04-14T16:07:21.979Z,20.83,83.12,0.00,22.33,335,0.00
2026-04-14T16:07:23.992Z,17.40,83.20,0.00,22.33,335,0.00
2026-04-14T16:07:25.997Z,18.01,83.40,0.00,22.33,336,0.00
2026-04-14T16:07:28.010Z,16.97,83.42,0.00,22.33,336,0.00
2026-04-14T16:07:30.018Z,26.09,83.41,0.00,22.33,334,0.00
2026-04-14T16:07:32.025Z,17.52,83.38,0.00,22.33,335,0.00
2026-04-14T16:07:34.028Z,23.02,83.58,0.00,22.33,335,0.00
2026-04-14T16:07:36.037Z,18.01,83.59,0.00,22.33,335,0.00
2026-04-14T16:07:38.042Z,20.13,83.50,0.00,22.33,334,0.00
2026-04-14T16:07:40.053Z,19.28,83.65,0.00,22.33,334,0.00
2026-04-14T16:07:42.055Z,21.29,83.68,0.00,22.33,334,0.00
2026-04-14T16:07:44.060Z,17.10,83.70,0.00,22.33,334,0.00
2026-04-14T16:07:46.068Z,11.03,83.67,0.00,22.33,334,0.00
2026-04-14T16:07:48.080Z,11.89,83.75,0.00,22.33,334,0.00
2026-04-14T16:07:50.085Z,17.46,83.80,0.00,22.33,334,0.00
2026-04-14T16:07:52.096Z,13.58,83.84,0.00,22.33,334,0.00
2026-04-14T16:07:54.104Z,15.69,83.94,0.00,22.33,335,0.00
2026-04-14T16:07:56.111Z,13.82,83.99,0.00,22.33,335,0.00
2026-04-14T16:07:58.114Z,12.54,83.93,0.00,22.33,335,0.00
2026-04-14T16:08:00.118Z,16.44,84.06,0.00,22.33,335,0.00
2026-04-14T16:08:02.120Z,26.61,84.48,0.00,22.33,335,0.00
2026-04-14T16:08:04.129Z,24.12,84.21,0.00,22.33,335,0.00
2026-04-14T16:08:06.133Z,11.29,84.06,0.00,22.33,334,0.00
2026-04-14T16:08:08.144Z,13.16,84.34,0.00,21.81,334,0.00
2026-04-14T16:08:10.157Z,13.63,84.38,0.00,21.81,334,0.00
2026-04-14T16:08:12.172Z,15.26,84.57,0.00,21.81,335,0.00
2026-04-14T16:08:14.187Z,11.74,84.63,0.00,21.81,335,0.00
2026-04-14T16:08:16.197Z,14.16,84.69,0.00,21.81,335,0.00
2026-04-14T16:08:18.212Z,16.04,83.67,0.00,21.81,335,0.00
2026-04-14T16:08:20.225Z,13.11,83.74,0.00,21.81,336,0.00
2026-04-14T16:08:22.227Z,13.69,83.76,0.00,21.81,336,0.00
2026-04-14T16:08:24.229Z,16.22,83.69,0.00,21.81,335,0.00
2026-04-14T16:08:26.233Z,13.40,83.74,0.00,21.81,334,0.00
2026-04-14T16:08:28.242Z,12.02,83.76,0.00,21.81,334,0.00
2026-04-14T16:08:30.247Z,14.60,83.83,0.00,21.81,335,0.00
2026-04-14T16:08:32.260Z,12.81,83.80,0.00,21.81,333,0.00
2026-04-14T16:08:34.262Z,15.50,83.88,0.00,21.81,333,0.00
2026-04-14T16:08:36.274Z,11.87,83.91,0.00,21.81,333,0.00
2026-04-14T16:08:38.274Z,15.43,83.98,0.00,21.81,334,0.00
2026-04-14T16:08:40.277Z,14.39,83.99,0.00,21.81,334,0.00
2026-04-14T16:08:42.292Z,23.14,83.01,0.00,22.02,334,0.00
2026-04-14T16:08:44.307Z,21.83,83.01,0.00,22.02,333,0.00
2026-04-14T16:08:46.322Z,25.41,83.03,0.00,22.02,333,0.00
2026-04-14T16:08:48.327Z,21.78,83.13,0.00,22.02,333,0.00
2026-04-14T16:08:50.335Z,19.79,83.19,0.00,22.02,333,0.00
2026-04-14T16:08:52.342Z,23.53,83.27,0.00,22.02,333,0.00
2026-04-14T16:08:54.351Z,20.34,83.38,0.00,22.02,333,0.00
2026-04-14T16:08:56.361Z,22.54,83.40,0.00,22.02,333,0.00
2026-04-14T16:08:58.376Z,25.40,83.76,0.00,22.02,337,0.00
2026-04-14T16:09:00.377Z,15.05,84.06,0.00,22.02,337,0.00
2026-04-14T16:09:02.391Z,24.04,84.28,0.00,22.02,338,0.00
2026-04-14T16:09:04.398Z,16.82,84.27,0.00,22.02,337,0.00
2026-04-14T16:09:06.408Z,15.10,84.54,0.00,22.02,338,0.00
2026-04-14T16:09:08.417Z,34.48,85.83,0.00,21.81,338,0.00
2026-04-14T16:09:10.418Z,24.69,84.14,0.00,21.79,338,0.00
2026-04-14T16:09:12.430Z,19.70,84.33,0.00,21.79,337,0.00
2026-04-14T16:09:14.432Z,18.54,84.39,0.00,21.79,338,0.00
2026-04-14T16:09:16.439Z,26.96,84.56,0.00,21.79,338,0.00
2026-04-14T16:09:18.446Z,11.79,84.51,0.00,21.79,337,0.00
2026-04-14T16:09:20.459Z,12.20,84.38,0.00,21.79,345,0.00
2026-04-14T16:09:22.471Z,23.52,84.57,0.00,21.79,337,0.00
2026-04-14T16:09:24.475Z,20.48,84.84,0.00,21.79,337,0.00
2026-04-14T16:09:26.487Z,18.78,84.83,0.00,21.79,337,0.00
2026-04-14T16:09:28.488Z,22.29,85.11,0.00,21.79,343,0.00
2026-04-14T16:09:30.498Z,24.92,83.60,0.00,21.79,337,0.00
2026-04-14T16:09:32.503Z,21.35,83.91,0.00,21.79,337,0.00
2026-04-14T16:09:34.506Z,21.23,84.05,0.00,21.79,337,0.00
2026-04-14T16:09:36.511Z,19.85,84.15,0.00,21.79,337,0.00
2026-04-14T16:09:38.513Z,18.79,84.38,0.00,21.79,337,0.00
2026-04-14T16:09:40.526Z,14.89,84.34,0.00,21.79,337,0.00
2026-04-14T16:09:42.530Z,20.77,84.64,0.00,21.79,344,0.00
2026-04-14T16:09:44.533Z,28.57,84.97,0.00,21.75,341,0.00
2026-04-14T16:09:46.536Z,33.53,85.02,0.00,21.75,338,0.00
2026-04-14T16:09:48.537Z,20.16,85.08,0.00,21.75,338,0.00
2026-04-14T16:09:50.551Z,28.36,85.44,0.00,21.75,337,0.00
2026-04-14T16:09:52.557Z,22.35,85.70,0.00,21.75,337,0.00
2026-04-14T16:09:54.559Z,24.07,85.86,0.00,21.75,337,0.00
2026-04-14T16:09:56.570Z,21.10,85.94,0.00,21.75,337,0.00
2026-04-14T16:09:58.584Z,19.57,85.93,0.00,21.75,335,0.00
2026-04-14T16:10:00.598Z,23.73,85.92,0.00,21.75,336,0.00
2026-04-14T16:10:02.603Z,39.83,86.26,0.00,21.75,336,0.00
2026-04-14T16:10:04.604Z,23.94,86.61,0.00,21.75,337,0.00
2026-04-14T16:10:06.615Z,23.48,86.51,0.00,21.75,336,0.00
2026-04-14T16:10:08.626Z,22.56,87.03,0.00,21.34,336,0.00
2026-04-14T16:10:10.639Z,26.17,87.21,0.00,21.34,336,0.00
2026-04-14T16:10:12.651Z,21.47,87.38,0.00,21.34,336,0.00
2026-04-14T16:10:14.656Z,17.29,87.61,0.00,21.34,341,0.00
2026-04-14T16:10:16.664Z,29.80,87.52,0.00,21.34,336,0.00
2026-04-14T16:10:18.677Z,17.85,87.57,0.00,21.32,341,0.00
2026-04-14T16:10:20.684Z,26.95,87.80,0.00,21.32,336,0.00
2026-04-14T16:10:22.696Z,30.94,87.93,0.00,21.32,336,0.00
2026-04-14T16:10:24.703Z,27.08,86.12,0.00,21.32,336,0.00
2026-04-14T16:10:26.708Z,21.40,86.20,0.00,21.32,335,0.00
2026-04-14T16:10:28.710Z,22.17,84.48,0.00,21.15,331,0.00
2026-04-14T16:10:30.710Z,17.77,84.58,0.00,21.15,331,0.00
2026-04-14T16:10:32.711Z,23.58,84.61,0.00,21.15,330,0.00
2026-04-14T16:10:34.723Z,26.73,84.84,0.00,21.15,330,0.00
2026-04-14T16:10:36.728Z,23.28,85.47,0.00,21.15,333,0.00
2026-04-14T16:10:38.730Z,31.64,86.55,0.00,21.07,344,0.00
2026-04-14T16:10:40.736Z,49.48,87.75,0.00,21.07,338,0.00
2026-04-14T16:10:42.751Z,22.11,87.67,0.00,21.07,336,0.00
2026-04-14T16:10:44.760Z,16.79,87.76,0.00,21.07,336,0.00
2026-04-14T16:10:46.773Z,17.47,87.97,0.00,21.07,341,0.00
2026-04-14T16:10:48.776Z,28.38,87.94,0.00,21.07,336,0.00
2026-04-14T16:10:50.777Z,20.66,88.11,0.00,21.07,336,0.00
2026-04-14T16:10:52.790Z,20.87,88.31,0.00,21.07,336,0.00
2026-04-14T16:10:54.795Z,18.23,88.56,0.00,21.07,336,0.00
2026-04-14T16:10:56.804Z,16.21,88.65,0.00,21.07,336,0.00
2026-04-14T16:10:58.811Z,20.51,88.87,0.00,21.07,336,0.00
2026-04-14T16:11:00.811Z,20.37,89.05,0.00,21.07,341,0.00
2026-04-14T16:11:02.817Z,29.79,89.31,0.00,21.07,337,0.00
2026-04-14T16:11:04.828Z,29.36,89.65,0.00,21.07,338,0.00
2026-04-14T16:11:06.828Z,24.93,89.82,0.00,21.07,342,0.00
2026-04-14T16:11:08.839Z,20.70,89.95,0.00,21.07,343,0.00
2026-04-14T16:11:10.840Z,24.31,90.03,0.00,21.07,337,0.00
2026-04-14T16:11:12.853Z,29.92,90.58,0.00,19.35,337,0.00
2026-04-14T16:11:14.867Z,19.96,90.71,0.00,19.35,337,0.00
2026-04-14T16:11:16.879Z,30.38,86.44,0.00,19.35,337,0.00
2026-04-14T16:11:18.880Z,28.51,86.73,0.00,19.35,337,0.00
2026-04-14T16:11:20.886Z,19.73,86.82,0.00,19.35,337,0.00
2026-04-14T16:11:22.892Z,24.27,87.29,0.00,19.25,337,0.00
2026-04-14T16:11:24.908Z,24.90,87.55,0.00,19.25,337,0.00
2026-04-14T16:11:26.907Z,22.69,87.89,0.00,19.25,337,0.00
2026-04-14T16:11:28.908Z,23.87,88.02,0.00,19.25,337,0.00
2026-04-14T16:11:30.911Z,20.17,87.96,0.00,19.25,337,0.00
2026-04-14T16:11:32.921Z,27.15,88.16,0.00,19.24,337,0.00
2026-04-14T16:11:34.937Z,26.06,88.51,0.00,19.24,337,0.00
2026-04-14T16:11:36.941Z,22.77,86.05,0.00,19.24,337,0.00
2026-04-14T16:11:38.948Z,15.56,85.99,0.00,19.24,337,0.00
2026-04-14T16:11:40.961Z,14.09,86.05,0.00,19.24,337,0.00
2026-04-14T16:11:42.963Z,14.86,86.09,0.00,19.24,337,0.00
2026-04-14T16:11:44.972Z,14.70,86.14,0.00,19.24,337,0.00
2026-04-14T16:11:46.984Z,14.79,86.16,0.00,19.24,337,0.00
2026-04-14T16:11:48.986Z,13.86,86.23,0.00,19.24,337,0.00
2026-04-14T16:11:50.997Z,12.33,86.11,0.00,19.24,337,0.00
2026-04-14T16:11:52.999Z,13.72,86.18,0.00,19.24,337,0.00
2026-04-14T16:11:55.000Z,13.99,86.12,0.00,19.24,336,0.00
2026-04-14T16:11:57.015Z,15.82,86.18,0.00,19.24,336,0.00
2026-04-14T16:11:59.015Z,19.01,86.67,0.00,19.24,337,0.00
2026-04-14T16:12:01.017Z,29.60,87.14,0.00,19.24,341,0.00
2026-04-14T16:12:03.022Z,22.36,87.30,0.00,19.24,337,0.00
2026-04-14T16:12:05.033Z,15.81,87.34,0.00,19.24,337,0.00
2026-04-14T16:12:07.045Z,13.16,87.36,0.00,19.24,337,0.00
2026-04-14T16:12:09.046Z,11.60,87.45,0.00,19.24,337,0.00
2026-04-14T16:12:11.051Z,18.37,87.51,0.00,19.24,337,0.00
2026-04-14T16:12:13.055Z,19.69,87.60,0.00,19.23,337,0.00
2026-04-14T16:12:15.069Z,20.07,87.62,0.00,19.23,337,0.00
2026-04-14T16:12:17.073Z,19.69,87.65,0.00,19.23,337,0.00
2026-04-14T16:12:19.075Z,17.68,87.64,0.00,19.23,337,0.00
2026-04-14T16:12:21.079Z,15.72,87.63,0.00,19.23,337,0.00
2026-04-14T16:12:23.094Z,17.17,87.72,0.00,19.23,337,0.00
2026-04-14T16:12:25.101Z,16.27,87.74,0.00,19.23,337,0.00
2026-04-14T16:12:27.105Z,18.39,87.63,0.00,19.23,337,0.00
2026-04-14T16:12:29.109Z,28.40,88.12,0.00,19.23,337,0.00
2026-04-14T16:12:31.116Z,33.34,88.22,0.00,19.23,339,0.00
2026-04-14T16:12:33.131Z,27.68,88.32,0.00,19.23,336,0.00
2026-04-14T16:12:35.140Z,32.05,87.63,0.00,19.23,335,0.00
2026-04-14T16:12:37.141Z,17.68,87.58,0.00,19.23,336,0.00
2026-04-14T16:12:39.150Z,35.16,87.35,0.00,20.87,338,0.00
2026-04-14T16:12:41.150Z,24.55,87.01,0.00,20.85,337,0.00
2026-04-14T16:12:43.158Z,17.98,87.11,0.00,20.85,337,0.00
2026-04-14T16:12:45.158Z,15.93,87.12,0.00,20.85,337,0.00
2026-04-14T16:12:47.165Z,14.15,87.17,0.00,20.85,337,0.00
2026-04-14T16:12:49.172Z,15.26,87.27,0.00,20.85,337,0.00
2026-04-14T16:12:51.172Z,29.67,87.92,0.00,20.85,341,0.00
2026-04-14T16:12:53.172Z,75.09,88.78,0.00,20.85,337,0.00
2026-04-14T16:12:55.193Z,54.83,88.23,0.00,20.21,340,0.00
2026-04-14T16:12:57.198Z,92.75,89.17,0.00,18.30,338,0.00
2026-04-14T16:12:59.198Z,29.01,89.21,0.00,18.30,338,0.00
2026-04-14T16:13:01.200Z,27.71,88.90,0.00,18.30,337,0.00
2026-04-14T16:13:03.211Z,41.55,89.23,0.00,18.30,337,0.00
2026-04-14T16:13:05.225Z,42.35,91.34,0.00,18.65,337,0.00
2026-04-14T16:13:07.238Z,42.01,87.45,0.00,19.43,337,0.00
2026-04-14T16:13:09.247Z,33.89,87.72,0.00,19.43,337,0.00
2026-04-14T16:13:11.255Z,28.57,87.46,0.00,19.41,337,0.00
2026-04-14T16:13:13.259Z,26.38,87.89,0.00,19.41,337,0.00
2026-04-14T16:13:15.261Z,28.21,88.19,0.00,19.41,337,0.00
2026-04-14T16:13:17.268Z,20.12,87.90,0.00,19.41,337,0.00
2026-04-14T16:13:19.282Z,20.84,87.68,0.00,19.41,337,0.00
2026-04-14T16:13:21.294Z,24.39,87.56,0.00,19.41,337,0.00
2026-04-14T16:13:23.304Z,21.50,87.65,0.00,19.41,337,0.00
2026-04-14T16:13:25.319Z,25.62,87.87,0.00,19.48,337,0.00
2026-04-14T16:13:27.328Z,18.91,87.96,0.00,19.48,337,0.00
2026-04-14T16:13:29.339Z,22.08,87.80,0.00,19.48,336,0.00
2026-04-14T16:13:31.351Z,38.11,88.06,0.00,19.47,336,0.00
2026-04-14T16:13:33.355Z,19.76,88.07,0.00,19.47,336,0.00
2026-04-14T16:13:35.357Z,25.04,86.44,0.00,19.41,335,0.00
2026-04-14T16:13:37.367Z,25.48,86.54,0.00,19.41,335,0.00
2026-04-14T16:13:39.378Z,19.20,87.21,0.00,19.41,336,0.00
2026-04-14T16:13:41.385Z,19.50,87.28,0.00,19.41,336,0.00
2026-04-14T16:13:43.398Z,29.24,86.91,0.00,19.41,336,0.00
2026-04-14T16:13:45.401Z,21.68,87.01,0.00,19.41,336,0.00
2026-04-14T16:13:47.415Z,21.28,87.08,0.00,19.41,336,0.00
2026-04-14T16:13:49.426Z,19.94,87.11,0.00,19.41,336,0.00
2026-04-14T16:13:51.427Z,19.68,87.24,0.00,19.41,336,0.00
2026-04-14T16:13:53.438Z,20.54,87.31,0.00,19.41,336,0.00
2026-04-14T16:13:55.447Z,11.54,87.26,0.00,19.41,336,0.00
2026-04-14T16:13:57.455Z,13.43,87.41,0.00,19.41,337,0.00
2026-04-14T16:13:59.467Z,18.04,87.84,0.00,19.41,337,0.00
2026-04-14T16:14:01.476Z,26.09,87.83,0.00,19.39,337,0.00
2026-04-14T16:14:03.489Z,28.46,88.21,0.00,19.39,337,0.00
2026-04-14T16:14:05.503Z,28.96,88.21,0.00,19.36,337,0.00
2026-04-14T16:14:07.513Z,14.57,88.18,0.00,19.36,337,0.00
2026-04-14T16:14:09.528Z,17.70,87.95,0.00,19.36,335,0.00
2026-04-14T16:14:11.534Z,21.03,88.18,0.00,19.36,335,0.00
2026-04-14T16:14:13.545Z,15.43,88.23,0.00,19.36,335,0.00
2026-04-14T16:14:15.560Z,12.70,88.22,0.00,19.36,335,0.00
2026-04-14T16:14:17.569Z,13.17,88.24,0.00,19.36,335,0.00
2026-04-14T16:14:19.580Z,15.49,87.07,0.00,19.36,335,0.00
2026-04-14T16:14:21.595Z,14.99,87.21,0.00,19.36,335,0.00
2026-04-14T16:14:23.605Z,15.53,87.22,0.00,19.36,335,0.00
2026-04-14T16:14:25.617Z,19.17,87.34,0.00,19.36,335,0.00
2026-04-14T16:14:27.627Z,12.45,87.37,0.00,19.36,335,0.00
2026-04-14T16:14:29.637Z,23.10,87.34,0.00,19.36,335,0.00
2026-04-14T16:14:31.643Z,12.37,87.29,0.00,19.36,334,0.00
2026-04-14T16:14:33.654Z,16.01,87.40,0.00,19.36,334,0.00
2026-04-14T16:14:35.654Z,24.02,87.24,0.00,19.36,334,0.00
2026-04-14T16:14:37.666Z,15.98,87.39,0.00,19.36,334,0.00
2026-04-14T16:14:39.674Z,12.87,87.41,0.00,19.36,334,0.00
2026-04-14T16:14:41.687Z,17.95,87.71,0.00,19.36,335,0.00
2026-04-14T16:14:43.688Z,12.46,87.74,0.00,19.36,335,0.00
2026-04-14T16:14:45.702Z,13.82,87.79,0.00,19.36,335,0.00
2026-04-14T16:14:47.714Z,10.95,87.69,0.00,19.36,335,0.00
2026-04-14T16:14:49.714Z,15.78,87.74,0.00,19.36,335,0.00
2026-04-14T16:14:51.727Z,13.56,87.69,0.00,19.36,335,0.00
2026-04-14T16:14:53.739Z,17.14,87.79,0.00,19.36,335,0.00
2026-04-14T16:14:55.747Z,11.00,87.85,0.00,19.36,335,0.00
2026-04-14T16:14:57.750Z,8.44,87.91,0.00,19.36,335,0.00
2026-04-14T16:14:59.765Z,11.34,87.97,0.00,19.36,335,0.00
2026-04-14T16:15:01.779Z,12.28,88.50,0.00,19.36,335,0.00
2026-04-14T16:15:03.783Z,14.96,87.78,0.00,19.36,335,0.00
2026-04-14T16:15:05.793Z,10.82,87.92,0.00,19.36,335,0.00
2026-04-14T16:15:07.797Z,12.26,88.03,0.00,19.36,335,0.00
2026-04-14T16:15:09.810Z,12.72,88.08,0.00,19.36,335,0.00
2026-04-14T16:15:11.810Z,11.05,88.10,0.00,19.35,334,0.00
2026-04-14T16:15:13.822Z,11.25,88.01,0.00,19.35,334,0.00
2026-04-14T16:15:15.836Z,14.01,88.10,0.00,19.35,334,0.00
2026-04-14T16:15:17.849Z,14.22,86.22,0.00,19.35,334,0.00
2026-04-14T16:15:19.862Z,12.22,86.24,0.00,19.35,334,0.00
2026-04-14T16:15:21.866Z,9.87,86.31,0.00,19.35,334,0.00
2026-04-14T16:15:23.881Z,15.88,86.27,0.00,19.35,334,0.00
2026-04-14T16:15:25.894Z,11.98,86.36,0.00,19.35,334,0.00
2026-04-14T16:15:27.898Z,17.13,86.89,0.00,19.35,334,0.00
2026-04-14T16:15:29.903Z,19.42,86.98,0.00,19.35,334,0.00
2026-04-14T16:15:31.904Z,17.07,87.12,0.00,19.35,334,0.00
2026-04-14T16:15:33.906Z,18.33,83.30,0.00,19.35,334,0.00
2026-04-14T16:15:35.916Z,19.99,80.37,0.00,19.35,334,0.00
2026-04-14T16:15:37.924Z,30.45,80.87,0.00,19.35,335,0.00
2026-04-14T16:15:39.937Z,15.07,80.84,0.00,19.35,334,0.00
2026-04-14T16:15:41.951Z,12.80,81.33,0.00,19.35,334,0.00
2026-04-14T16:15:43.962Z,35.19,81.91,0.00,19.29,334,0.00
2026-04-14T16:15:45.962Z,22.43,82.12,0.00,19.29,334,0.00
2026-04-14T16:15:47.975Z,24.14,83.23,0.00,19.29,334,0.00
2026-04-14T16:15:49.978Z,30.20,84.24,0.00,19.29,335,0.00
2026-04-14T16:15:51.991Z,37.15,85.46,0.00,19.29,335,0.00
2026-04-14T16:15:54.003Z,22.94,86.20,0.00,19.29,335,0.00
2026-04-14T16:15:56.013Z,26.05,87.04,0.00,19.29,336,0.00
2026-04-14T16:15:58.025Z,33.93,88.94,0.00,21.58,336,0.00
2026-04-14T16:16:00.040Z,23.86,88.61,0.00,21.58,336,0.00
2026-04-14T16:16:02.051Z,27.11,88.77,0.00,21.58,336,0.00
2026-04-14T16:16:04.066Z,25.20,89.53,0.00,21.58,336,0.00
2026-04-14T16:16:06.069Z,15.64,89.64,0.00,21.58,336,0.00
2026-04-14T16:16:08.079Z,16.65,89.66,0.00,21.58,336,0.00
2026-04-14T16:16:10.081Z,15.62,89.80,0.00,21.58,336,0.00
2026-04-14T16:16:12.087Z,22.03,90.33,0.00,21.78,337,0.00
2026-04-14T16:16:14.089Z,24.99,87.35,0.00,19.83,337,0.00
2026-04-14T16:16:16.099Z,24.84,84.98,0.00,19.82,337,0.00
2026-04-14T16:16:18.110Z,32.54,85.22,0.00,19.82,337,0.00
2026-04-14T16:16:20.120Z,26.79,85.35,0.00,19.82,337,0.00
2026-04-14T16:16:22.122Z,22.55,85.40,0.00,19.82,337,0.00
2026-04-14T16:16:24.131Z,19.90,85.15,0.00,19.82,337,0.00
2026-04-14T16:16:26.133Z,18.81,85.14,0.00,19.82,337,0.00
2026-04-14T16:16:28.144Z,13.14,85.15,0.00,19.82,337,0.00
2026-04-14T16:16:30.158Z,14.20,85.21,0.00,19.82,337,0.00
2026-04-14T16:16:32.164Z,20.41,85.23,0.00,19.82,337,0.00
2026-04-14T16:16:34.165Z,14.95,85.30,0.00,19.82,337,0.00
2026-04-14T16:16:36.166Z,15.36,85.38,0.00,19.82,337,0.00
2026-04-14T16:16:38.180Z,17.52,85.44,0.00,19.82,337,0.00
2026-04-14T16:16:40.185Z,22.09,85.62,0.00,19.82,337,0.00
2026-04-14T16:16:42.197Z,19.91,85.91,0.00,19.82,337,0.00
2026-04-14T16:16:44.210Z,28.47,85.98,0.00,19.82,337,0.00
2026-04-14T16:16:46.216Z,16.17,85.45,0.00,19.82,337,0.00
2026-04-14T16:16:48.216Z,14.27,85.44,0.00,19.82,337,0.00
2026-04-14T16:16:50.227Z,17.90,85.58,0.00,19.82,337,0.00
2026-04-14T16:16:52.232Z,23.89,85.60,0.00,19.82,336,0.00
2026-04-14T16:16:54.238Z,25.52,85.58,0.00,19.82,336,0.00
2026-04-14T16:16:56.243Z,36.84,85.62,0.00,19.82,336,0.00
2026-04-14T16:16:58.249Z,27.49,85.68,0.00,19.82,336,0.00
2026-04-14T16:17:00.254Z,30.07,85.65,0.00,19.82,336,0.00
2026-04-14T16:17:02.268Z,38.08,85.88,0.00,19.82,336,0.00
2026-04-14T16:17:04.274Z,22.55,85.63,0.00,19.82,336,0.00
2026-04-14T16:17:06.276Z,20.42,85.72,0.00,19.82,336,0.00
2026-04-14T16:17:08.285Z,20.42,85.77,0.00,19.82,336,0.00
2026-04-14T16:17:10.297Z,31.74,85.67,0.00,19.82,336,0.00
2026-04-14T16:17:12.305Z,35.58,85.72,0.00,19.82,336,0.00
2026-04-14T16:17:14.308Z,29.77,85.84,0.00,19.82,336,0.00
2026-04-14T16:17:16.314Z,24.58,85.94,0.00,19.82,336,0.00
2026-04-14T16:17:18.321Z,18.80,85.96,0.00,19.82,336,0.00
2026-04-14T16:17:20.329Z,23.76,85.19,0.00,19.82,336,0.00
2026-04-14T16:17:22.331Z,15.94,85.16,0.00,19.82,336,0.00
2026-04-14T16:17:24.345Z,18.01,85.22,0.00,19.82,336,0.00
2026-04-14T16:17:26.357Z,18.59,85.29,0.00,19.82,336,0.00
2026-04-14T16:17:28.361Z,17.70,83.97,0.00,19.82,336,0.00
2026-04-14T16:17:30.372Z,17.28,83.97,0.00,19.82,336,0.00
2026-04-14T16:17:32.380Z,17.16,84.02,0.00,19.82,336,0.00
2026-04-14T16:17:34.388Z,25.31,84.11,0.00,19.82,336,0.00
2026-04-14T16:17:36.399Z,20.82,84.09,0.00,19.82,336,0.00
2026-04-14T16:17:38.410Z,18.57,84.17,0.00,19.82,336,0.00
2026-04-14T16:17:40.410Z,17.96,84.27,0.00,19.82,337,0.00
2026-04-14T16:17:42.420Z,24.74,84.70,0.00,19.82,337,0.00
2026-04-14T16:17:44.431Z,27.81,84.40,0.00,19.82,336,0.00
2026-04-14T16:17:46.435Z,18.23,84.45,0.00,19.82,336,0.00
2026-04-14T16:17:48.448Z,15.17,84.47,0.00,19.82,336,0.00
2026-04-14T16:17:50.453Z,18.98,84.56,0.00,19.82,335,0.00
2026-04-14T16:17:52.458Z,19.03,84.69,0.00,19.82,335,0.00
2026-04-14T16:17:54.472Z,15.29,84.77,0.00,19.82,336,0.00
2026-04-14T16:17:56.479Z,19.94,85.08,0.00,19.82,340,0.00
2026-04-14T16:17:58.490Z,23.02,85.24,0.00,19.82,342,0.00
2026-04-14T16:18:00.501Z,36.18,85.06,0.00,19.82,344,0.00
2026-04-14T16:18:02.507Z,38.34,85.40,0.00,19.82,344,0.00
2026-04-14T16:18:04.510Z,30.32,85.30,0.00,19.82,343,0.00
2026-04-14T16:18:06.515Z,22.79,85.23,0.00,19.82,343,0.00
2026-04-14T16:18:08.520Z,17.05,85.27,0.00,19.82,343,0.00
2026-04-14T16:18:10.522Z,22.17,85.37,0.00,19.82,343,0.00
2026-04-14T16:18:12.537Z,16.16,85.51,0.00,19.82,343,0.00
2026-04-14T16:18:14.548Z,16.38,85.35,0.00,19.82,342,0.00
2026-04-14T16:18:16.555Z,25.10,85.99,0.00,19.82,342,0.00
2026-04-14T16:18:18.565Z,26.34,85.79,0.00,19.88,342,0.00
2026-04-14T16:18:20.571Z,38.46,85.86,0.00,19.88,342,0.00
2026-04-14T16:18:22.576Z,21.33,85.85,0.00,19.88,342,0.00
2026-04-14T16:18:24.590Z,17.70,85.78,0.00,19.88,342,0.00
2026-04-14T16:18:26.597Z,34.08,85.76,0.00,19.88,342,0.00
2026-04-14T16:18:28.608Z,23.60,85.93,0.00,19.88,342,0.00
2026-04-14T16:18:30.612Z,21.39,85.97,0.00,19.88,342,0.00
2026-04-14T16:18:32.623Z,24.33,85.98,0.00,19.88,341,0.00
2026-04-14T16:18:34.631Z,25.76,85.96,0.00,19.88,341,0.00
2026-04-14T16:18:36.645Z,26.08,86.02,0.00,19.88,340,0.00
2026-04-14T16:18:38.647Z,29.42,86.10,0.00,19.88,340,0.00
2026-04-14T16:18:40.657Z,29.23,86.15,0.00,19.88,340,0.00
2026-04-14T16:18:42.663Z,32.19,86.25,0.00,19.88,340,0.00
2026-04-14T16:18:44.673Z,37.08,86.51,0.00,19.88,341,0.00
2026-04-14T16:18:46.678Z,38.96,86.90,0.00,19.88,341,0.00
2026-04-14T16:18:48.689Z,42.15,87.26,0.00,19.88,342,0.00
2026-04-14T16:18:50.705Z,27.31,87.31,0.00,19.88,342,0.00
2026-04-14T16:18:52.714Z,21.80,87.43,0.00,19.88,344,0.00
2026-04-14T16:18:54.726Z,25.91,87.69,0.00,19.88,344,0.00
2026-04-14T16:18:56.733Z,24.19,86.93,0.00,19.88,344,0.00
2026-04-14T16:18:58.745Z,25.04,87.31,0.00,19.88,344,0.00
2026-04-14T16:19:00.753Z,18.92,87.30,0.00,19.88,344,0.00
2026-04-14T16:19:02.757Z,18.55,87.49,0.00,19.88,344,0.00
2026-04-14T16:19:04.761Z,27.80,87.56,0.00,19.88,344,0.00
2026-04-14T16:19:06.776Z,20.27,87.55,0.00,19.88,344,0.00
2026-04-14T16:19:08.778Z,15.00,87.54,0.00,19.88,344,0.00
2026-04-14T16:19:10.793Z,22.40,87.62,0.00,19.88,344,0.00
2026-04-14T16:19:12.796Z,17.98,87.00,0.00,19.88,344,0.00
2026-04-14T16:19:14.806Z,25.87,87.07,0.00,19.88,343,0.00
2026-04-14T16:19:16.821Z,24.20,87.12,0.00,19.88,343,0.00
2026-04-14T16:19:18.835Z,25.37,86.97,0.00,19.88,343,0.00
2026-04-14T16:19:20.842Z,19.88,86.99,0.00,19.88,343,0.00
2026-04-14T16:19:22.853Z,18.97,87.05,0.00,19.88,343,0.00
2026-04-14T16:19:24.855Z,22.03,87.05,0.00,19.88,343,0.00
2026-04-14T16:19:26.869Z,25.72,87.20,0.00,19.88,343,0.00
2026-04-14T16:19:28.882Z,24.11,87.28,0.00,19.88,343,0.00
2026-04-14T16:19:30.898Z,18.25,87.39,0.00,19.88,343,0.00
2026-04-14T16:19:32.903Z,22.30,87.37,0.00,19.88,343,0.00
2026-04-14T16:19:34.911Z,13.77,87.32,0.00,19.88,343,0.00
2026-04-14T16:19:36.912Z,15.98,87.30,0.00,19.88,343,0.00
2026-04-14T16:19:38.917Z,14.95,85.72,0.00,19.88,343,0.00
2026-04-14T16:19:40.926Z,18.93,85.81,0.00,19.88,343,0.00
2026-04-14T16:19:42.937Z,15.58,85.76,0.00,19.88,343,0.00
2026-04-14T16:19:44.941Z,18.84,85.85,0.00,19.88,343,0.00
2026-04-14T16:19:46.946Z,13.86,85.82,0.00,19.88,343,0.00
2026-04-14T16:19:48.958Z,17.32,85.86,0.00,19.88,343,0.00
2026-04-14T16:19:50.959Z,14.08,85.87,0.00,19.88,342,0.00
2026-04-14T16:19:52.963Z,13.36,85.87,0.00,19.88,342,0.00
2026-04-14T16:19:54.968Z,20.67,86.05,0.00,19.88,345,0.00
2026-04-14T16:19:56.977Z,34.62,87.60,0.00,19.88,345,0.00
2026-04-14T16:19:58.992Z,29.51,90.73,0.00,19.88,345,0.00
2026-04-14T16:20:01.000Z,29.72,89.53,0.00,19.88,347,0.00
2026-04-14T16:20:03.005Z,51.80,87.98,0.00,17.58,342,0.00
2026-04-14T16:20:05.016Z,37.07,86.73,0.00,17.58,342,0.00
2026-04-14T16:20:07.025Z,42.82,86.78,0.00,17.58,342,0.00
2026-04-14T16:20:09.026Z,23.74,86.96,0.00,17.58,342,0.00
2026-04-14T16:20:11.041Z,24.32,87.09,0.00,17.58,342,0.00
2026-04-14T16:20:13.053Z,22.34,87.14,0.00,17.58,342,0.00
2026-04-14T16:20:15.053Z,24.66,87.20,0.00,17.58,342,0.00
2026-04-14T16:20:17.064Z,23.49,87.16,0.00,17.58,342,0.00
2026-04-14T16:20:19.070Z,20.04,87.20,0.00,17.58,342,0.00
2026-04-14T16:20:21.078Z,18.01,87.13,0.00,17.58,342,0.00
2026-04-14T16:20:23.091Z,17.29,86.68,0.00,17.58,342,0.00
2026-04-14T16:20:25.091Z,14.20,86.70,0.00,17.58,342,0.00
2026-04-14T16:20:27.096Z,11.66,86.71,0.00,17.58,342,0.00
2026-04-14T16:20:29.096Z,13.07,86.68,0.00,17.58,342,0.00
2026-04-14T16:20:31.096Z,14.31,86.71,0.00,17.58,342,0.00
2026-04-14T16:20:33.104Z,16.84,86.70,0.00,17.58,342,0.00
2026-04-14T16:20:35.118Z,12.59,86.71,0.00,17.58,342,0.00
2026-04-14T16:20:37.123Z,21.61,86.63,0.00,17.58,341,0.00
2026-04-14T16:20:39.134Z,14.78,86.62,0.00,17.58,341,0.00
2026-04-14T16:20:41.149Z,14.11,86.68,0.00,17.58,341,0.00
2026-04-14T16:20:43.155Z,13.21,86.67,0.00,17.58,339,0.00
2026-04-14T16:20:45.166Z,15.64,86.68,0.00,17.58,339,0.00
2026-04-14T16:20:47.181Z,22.12,87.08,0.00,17.58,341,0.00
2026-04-14T16:20:49.186Z,27.03,87.30,0.00,17.58,341,0.00
2026-04-14T16:20:51.191Z,21.26,87.64,0.00,17.58,343,0.00
2026-04-14T16:20:53.199Z,47.51,87.51,0.00,17.58,340,0.00
2026-04-14T16:20:55.203Z,42.31,87.38,0.00,17.58,340,0.00
2026-04-14T16:20:57.217Z,16.80,87.36,0.00,17.58,340,0.00
2026-04-14T16:20:59.230Z,19.89,87.36,0.00,17.58,339,0.00
2026-04-14T16:21:01.232Z,21.37,87.44,0.00,17.58,339,0.00
2026-04-14T16:21:03.238Z,32.83,87.38,0.00,17.58,339,0.00
2026-04-14T16:21:05.241Z,19.07,87.39,0.00,17.58,339,0.00
2026-04-14T16:21:07.256Z,17.65,87.30,0.00,17.58,339,0.00
2026-04-14T16:21:09.262Z,15.34,87.37,0.00,17.58,339,0.00
2026-04-14T16:21:11.268Z,18.71,87.33,0.00,17.58,339,0.00
2026-04-14T16:21:13.273Z,14.31,87.45,0.00,17.58,339,0.00
2026-04-14T16:21:15.280Z,14.76,87.53,0.00,17.58,339,0.00
2026-04-14T16:21:17.290Z,14.45,87.58,0.00,17.58,339,0.00
2026-04-14T16:21:19.301Z,19.15,87.65,0.00,17.58,339,0.00
2026-04-14T16:21:21.304Z,18.88,87.77,0.00,17.58,339,0.00
2026-04-14T16:21:23.316Z,16.83,87.82,0.00,17.58,339,0.00
2026-04-14T16:21:25.332Z,16.04,88.10,0.00,17.58,339,0.00
2026-04-14T16:21:27.347Z,13.29,88.04,0.00,17.58,339,0.00
2026-04-14T16:21:29.351Z,18.35,88.07,0.00,17.58,339,0.00
2026-04-14T16:21:31.354Z,19.14,88.14,0.00,17.58,339,0.00
2026-04-14T16:21:33.354Z,24.93,88.14,0.00,17.58,339,0.00
2026-04-14T16:21:35.368Z,22.58,87.40,0.00,17.58,339,0.00
2026-04-14T16:21:37.383Z,20.06,87.41,0.00,17.58,339,0.00
2026-04-14T16:21:39.386Z,21.47,87.42,0.00,17.58,339,0.00
2026-04-14T16:21:41.401Z,29.73,87.49,0.00,17.58,339,0.00
2026-04-14T16:21:43.410Z,21.90,87.57,0.00,17.58,339,0.00
2026-04-14T16:21:45.418Z,19.10,87.67,0.00,17.58,339,0.00
2026-04-14T16:21:47.429Z,20.66,87.64,0.00,17.58,339,0.00
2026-04-14T16:21:49.432Z,18.26,86.02,0.00,17.58,339,0.00
2026-04-14T16:21:51.445Z,14.00,86.07,0.00,17.58,339,0.00
2026-04-14T16:21:53.450Z,18.49,86.02,0.00,17.58,339,0.00
2026-04-14T16:21:55.453Z,15.52,85.99,0.00,17.58,339,0.00
2026-04-14T16:21:57.466Z,15.17,86.11,0.00,17.58,339,0.00
2026-04-14T16:21:59.477Z,16.68,86.06,0.00,17.58,339,0.00
2026-04-14T16:22:01.493Z,17.66,86.18,0.00,17.58,339,0.00
2026-04-14T16:22:03.495Z,28.05,86.31,0.00,17.58,339,0.00
2026-04-14T16:22:05.509Z,21.83,86.37,0.00,17.58,339,0.00
2026-04-14T16:22:07.522Z,20.89,86.32,0.00,17.58,339,0.00
2026-04-14T16:22:09.534Z,18.01,86.31,0.00,17.58,339,0.00
2026-04-14T16:22:11.541Z,19.58,86.34,0.00,17.58,339,0.00
2026-04-14T16:22:13.543Z,18.97,86.41,0.00,17.58,339,0.00
2026-04-14T16:22:15.543Z,17.49,86.47,0.00,17.58,339,0.00
2026-04-14T16:22:17.548Z,13.27,86.49,0.00,17.58,339,0.00
2026-04-14T16:22:19.556Z,17.00,86.58,0.00,17.58,339,0.00
2026-04-14T16:22:21.568Z,18.61,86.51,0.00,17.58,339,0.00
2026-04-14T16:22:23.583Z,16.31,86.55,0.00,17.58,339,0.00
2026-04-14T16:22:25.597Z,17.09,86.63,0.00,17.58,339,0.00
2026-04-14T16:22:27.599Z,17.45,86.64,0.00,17.58,339,0.00
2026-04-14T16:22:29.611Z,14.33,86.70,0.00,17.58,339,0.00
2026-04-14T16:22:31.614Z,18.78,86.81,0.00,17.58,339,0.00
2026-04-14T16:22:33.627Z,20.55,86.82,0.00,17.58,339,0.00
2026-04-14T16:22:35.627Z,20.83,86.88,0.00,17.58,339,0.00
2026-04-14T16:22:37.627Z,18.73,86.87,0.00,17.58,339,0.00
2026-04-14T16:22:39.627Z,18.28,86.92,0.00,17.58,338,0.00
2026-04-14T16:22:41.633Z,15.44,86.90,0.00,17.58,338,0.00
2026-04-14T16:22:43.639Z,14.51,86.93,0.00,17.58,338,0.00
2026-04-14T16:22:45.653Z,15.60,86.99,0.00,17.58,338,0.00
2026-04-14T16:22:47.654Z,20.08,86.51,0.00,17.58,338,0.00
2026-04-14T16:22:49.669Z,15.46,86.44,0.00,17.58,338,0.00
2026-04-14T16:22:51.670Z,17.02,86.49,0.00,17.58,338,0.00
2026-04-14T16:22:53.684Z,19.04,86.57,0.00,17.58,338,0.00
2026-04-14T16:22:55.686Z,21.36,86.53,0.00,17.58,338,0.00
2026-04-14T16:22:57.692Z,21.82,86.48,0.00,17.58,338,0.00
2026-04-14T16:22:59.697Z,18.11,86.55,0.00,17.58,338,0.00
2026-04-14T16:23:01.711Z,22.74,87.12,0.00,17.58,338,0.00
2026-04-14T16:23:03.724Z,23.84,86.72,0.00,17.58,338,0.00
2026-04-14T16:23:05.724Z,19.20,86.71,0.00,17.58,338,0.00
2026-04-14T16:23:07.730Z,18.61,86.64,0.00,17.58,338,0.00
2026-04-14T16:23:09.741Z,24.11,87.82,0.00,17.57,340,0.00
2026-04-14T16:23:11.743Z,27.93,88.57,0.00,16.00,340,0.00
2026-04-14T16:23:13.758Z,21.42,88.62,0.00,16.00,340,0.00
2026-04-14T16:23:15.768Z,18.75,88.82,0.00,16.00,340,0.00
2026-04-14T16:23:17.769Z,29.82,88.08,0.00,19.08,340,0.00
2026-04-14T16:23:19.774Z,23.04,88.14,0.00,19.06,340,0.00
2026-04-14T16:23:21.788Z,18.85,88.20,0.00,19.06,340,0.00
2026-04-14T16:23:23.795Z,17.35,88.30,0.00,19.06,340,0.00
2026-04-14T16:23:25.804Z,19.57,88.33,0.00,19.06,340,0.00
2026-04-14T16:23:27.809Z,17.71,88.34,0.00,19.06,340,0.00
2026-04-14T16:23:29.817Z,12.73,88.49,0.00,18.81,340,0.00
2026-04-14T16:23:31.832Z,15.84,88.59,0.00,18.81,341,0.00
2026-04-14T16:23:33.838Z,26.75,88.88,0.00,18.81,341,0.00
2026-04-14T16:23:35.852Z,25.20,88.86,0.00,18.81,341,0.00
2026-04-14T16:23:37.865Z,27.14,88.99,0.00,18.81,341,0.00
2026-04-14T16:23:39.868Z,28.56,89.05,0.00,18.81,341,0.00
2026-04-14T16:23:41.877Z,38.60,87.77,0.00,18.98,340,0.00
2026-04-14T16:23:43.890Z,35.36,88.10,0.00,18.65,340,0.00
2026-04-14T16:23:45.893Z,25.11,88.01,0.00,18.63,340,0.00
2026-04-14T16:23:47.900Z,21.67,87.96,0.00,18.63,340,0.00
2026-04-14T16:23:49.912Z,26.03,88.27,0.00,18.61,340,0.00
2026-04-14T16:23:51.917Z,21.94,88.36,0.00,18.61,340,0.00
2026-04-14T16:23:53.923Z,24.22,88.43,0.00,18.61,340,0.00
2026-04-14T16:23:55.933Z,20.79,88.59,0.00,18.61,341,0.00
2026-04-14T16:23:57.945Z,32.48,89.50,0.00,20.65,341,0.00
2026-04-14T16:23:59.946Z,34.05,86.93,0.00,20.65,341,0.00
2026-04-14T16:24:01.949Z,26.43,87.15,0.00,20.65,341,0.00
2026-04-14T16:24:03.960Z,22.59,87.09,0.00,20.65,341,0.00
2026-04-14T16:24:05.971Z,16.04,87.07,0.00,20.65,341,0.00
2026-04-14T16:24:07.977Z,25.94,86.36,0.00,20.65,342,0.00
2026-04-14T16:24:09.981Z,17.28,86.80,0.00,20.65,343,0.00
2026-04-14T16:24:11.989Z,19.18,86.89,0.00,20.65,343,0.00
2026-04-14T16:24:13.991Z,19.44,86.84,0.00,20.65,343,0.00
2026-04-14T16:24:15.993Z,16.88,86.83,0.00,20.65,343,0.00
2026-04-14T16:24:18.004Z,22.94,86.86,0.00,20.65,343,0.00
2026-04-14T16:24:20.008Z,22.47,86.94,0.00,20.65,343,0.00
2026-04-14T16:24:22.010Z,16.98,86.98,0.00,20.65,343,0.00
2026-04-14T16:24:24.014Z,23.54,87.10,0.00,20.65,343,0.00
2026-04-14T16:24:26.027Z,21.61,87.44,0.00,19.13,343,0.00
2026-04-14T16:24:28.041Z,23.34,87.30,0.00,19.13,349,0.00
2026-04-14T16:24:30.049Z,17.07,87.72,0.00,19.13,350,0.00
2026-04-14T16:24:32.051Z,24.91,87.55,0.00,19.13,347,0.00
2026-04-14T16:24:34.051Z,19.00,87.44,0.00,19.13,347,0.00
2026-04-14T16:24:36.051Z,20.54,87.38,0.00,19.27,347,0.00
2026-04-14T16:24:38.057Z,22.12,87.46,0.00,19.27,347,0.00
2026-04-14T16:24:40.063Z,21.62,87.28,0.00,19.27,345,0.00
2026-04-14T16:24:42.064Z,22.13,87.24,0.00,19.27,341,0.00
2026-04-14T16:24:44.068Z,21.53,87.23,0.00,19.27,341,0.00
2026-04-14T16:24:46.082Z,16.57,87.28,0.00,19.27,341,0.00
2026-04-14T16:24:48.094Z,19.96,87.31,0.00,19.27,341,0.00
2026-04-14T16:24:50.100Z,21.87,87.45,0.00,19.27,341,0.00
2026-04-14T16:24:52.105Z,23.22,87.56,0.00,19.27,342,0.00
2026-04-14T16:24:54.118Z,21.21,87.82,0.00,19.27,342,0.00
2026-04-14T16:24:56.123Z,21.87,88.13,0.00,19.27,344,0.00
2026-04-14T16:24:58.136Z,24.85,88.26,0.00,19.27,345,0.00
2026-04-14T16:25:00.143Z,24.35,86.74,0.00,18.83,346,0.00
2026-04-14T16:25:02.151Z,33.87,86.38,0.00,18.83,348,0.00
2026-04-14T16:25:04.152Z,34.78,86.65,0.00,18.83,348,0.00
2026-04-14T16:25:06.164Z,39.58,87.07,0.00,18.83,346,0.00
2026-04-14T16:25:08.171Z,39.24,89.24,0.00,18.82,343,0.00
2026-04-14T16:25:10.175Z,44.13,89.01,0.00,18.61,343,0.00
2026-04-14T16:25:12.182Z,52.55,88.14,0.00,18.61,343,0.00
2026-04-14T16:25:14.195Z,39.35,86.94,0.00,18.77,341,0.00
2026-04-14T16:25:16.198Z,36.95,87.30,0.00,18.77,341,0.00
2026-04-14T16:25:18.200Z,28.23,86.75,0.00,18.77,341,0.00
2026-04-14T16:25:20.213Z,24.53,86.62,0.00,18.77,341,0.00
2026-04-14T16:25:22.225Z,29.73,86.89,0.00,18.77,341,0.00
2026-04-14T16:25:24.228Z,33.72,87.19,0.00,18.77,341,0.00
2026-04-14T16:25:26.244Z,22.91,87.28,0.00,18.77,341,0.00
2026-04-14T16:25:28.255Z,24.43,87.36,0.00,18.77,341,0.00
2026-04-14T16:25:30.259Z,23.65,87.33,0.00,18.77,341,0.00
2026-04-14T16:25:32.266Z,21.64,87.33,0.00,18.77,341,0.00
2026-04-14T16:25:34.276Z,21.31,87.25,0.00,18.77,341,0.00
2026-04-14T16:25:36.284Z,22.45,86.78,0.00,18.77,340,0.00
2026-04-14T16:25:38.298Z,22.99,86.85,0.00,18.77,340,0.00
2026-04-14T16:25:40.299Z,15.79,86.89,0.00,18.77,340,0.00
2026-04-14T16:25:42.302Z,11.00,86.93,0.00,18.77,340,0.00
2026-04-14T16:25:44.314Z,11.66,86.95,0.00,18.77,340,0.00
2026-04-14T16:25:46.315Z,25.41,86.89,0.00,18.77,341,0.00
2026-04-14T16:25:48.327Z,24.87,87.02,0.00,18.77,341,0.00
2026-04-14T16:25:50.332Z,17.20,87.03,0.00,18.77,341,0.00
2026-04-14T16:25:52.335Z,20.85,87.06,0.00,18.77,335,0.00
